Survived,Pclass,Sex,Age,Fare,RecordedCabinNumber,isAlone,Embarked_C,Embarked_Q,Embarked_S,Titles_Master,Titles_Military,Titles_Miss,Titles_Mr,Titles_Mrs,Titles_Other,Titles_Royal
0.0,3,1,0.2711736617240512,0.9164539485499251,0,0.0,0,0,1,0,0,0,1,0,0,0
1.0,1,0,0.4722292033174164,1.8590379714909278,1,0.0,1,0,0,0,0,0,0,1,0,0
1.0,3,0,0.32143754712239253,0.9506082247842308,0,1.0,0,0,1,0,0,1,0,0,0,0
1.0,1,0,0.4345312892686604,1.7331972651065695,1,0.0,0,0,1,0,0,0,0,1,0,0
0.0,3,1,0.4345312892686604,0.9566485792052033,0,1.0,0,0,1,0,0,0,1,0,0,0
0.0,3,1,0.37170143252073384,0.9758130849255795,0,1.0,0,1,0,0,0,0,1,0,0,0
0.0,1,1,0.6732847449107816,1.7231476981549567,1,1.0,0,0,1,0,0,0,1,0,0,0
0.0,3,1,0.01985423473234481,1.3439007122496063,0,0.0,0,0,1,1,0,0,0,0,0,0
1.0,3,0,0.33400351847197784,1.083978935811046,0,0.0,0,0,1,0,0,0,0,1,0,0
1.0,2,0,0.17064589092736868,1.492352435460081,0,0.0,1,0,0,0,0,0,0,1,0,0
1.0,3,0,0.04498617743151546,1.2479732663618066,1,0.0,0,0,1,0,0,1,0,0,0,0
1.0,1,0,0.723548630309123,1.440121603187804,1,1.0,0,0,1,0,0,1,0,0,0,0
0.0,3,1,0.24604171902488062,0.9566485792052033,0,1.0,0,0,1,0,0,0,1,0,0,0
0.0,3,1,0.4847951746670017,1.5088662509384578,0,0.0,0,0,1,0,0,0,1,0,0,0
0.0,3,0,0.17064589092736868,0.9471493276626374,0,1.0,0,0,1,0,0,1,0,0,0,0
1.0,2,0,0.685850716260367,1.2304489213782739,0,1.0,0,0,1,0,0,0,0,1,0,0
0.0,3,1,0.01985423473234481,1.4789270555829248,0,0.0,0,1,0,1,0,0,0,0,0,0
1.0,2,1,0.37170143252073384,1.146128035678238,0,1.0,0,0,1,0,0,0,1,0,0,0
0.0,3,0,0.38426740387031916,1.2787536009528289,0,0.0,0,0,1,0,0,0,0,1,0,0
1.0,3,0,0.4345312892686604,0.9151359066220119,0,1.0,1,0,0,0,0,0,0,1,0,0
0.0,2,1,0.4345312892686604,1.4313637641589874,0,1.0,0,0,1,0,0,0,1,0,0,0
1.0,2,1,0.4219653179190751,1.146128035678238,1,1.0,0,0,1,0,0,0,1,0,0,0
1.0,3,0,0.18321186227695402,0.9556492729074468,0,1.0,0,1,0,0,0,1,0,0,0,0
1.0,1,1,0.34656948982156316,1.5622928644564746,1,1.0,0,0,1,0,0,0,1,0,0,0
0.0,3,0,0.09525006282985675,1.3439007122496063,0,0.0,0,0,1,0,0,1,0,0,0,0
1.0,3,0,0.4722292033174164,1.5103774259938814,0,0.0,0,0,1,0,0,0,0,1,0,0
0.0,3,1,0.37170143252073384,0.9151359066220119,0,1.0,1,0,0,0,0,0,1,0,0,0
0.0,1,1,0.2334757476752953,2.4216039268698313,1,0.0,0,0,1,0,0,0,1,0,0,0
1.0,3,0,0.2586076903744659,0.9483738383870792,0,1.0,0,1,0,0,0,1,0,0,0,0
0.0,3,1,0.37170143252073384,0.9491850103134346,0,1.0,0,0,1,0,0,0,1,0,0,0
0.0,1,1,0.49736114601658704,1.458196532741108,0,1.0,1,0,0,0,0,0,0,0,1,0
1.0,1,0,0.4345312892686604,2.1688532588793175,1,0.0,1,0,0,0,0,0,0,1,0,0
1.0,3,0,0.2586076903744659,0.9420080530223133,0,1.0,0,1,0,0,0,1,0,0,0,0
0.0,2,1,0.8240764011058055,1.0606978403536116,0,1.0,0,0,1,0,0,0,1,0,0,0
0.0,1,1,0.34656948982156316,1.9199708788780554,0,0.0,1,0,0,0,0,0,1,0,0,0
0.0,1,1,0.5224930887157577,1.724275869600789,0,0.0,0,0,1,0,0,0,1,0,0,0
1.0,3,1,0.37170143252073384,0.9153576174148317,0,1.0,1,0,0,0,0,0,1,0,0,0
0.0,3,1,0.2586076903744659,0.9566485792052033,0,1.0,0,0,1,0,0,0,1,0,0,0
0.0,3,0,0.22090977632571,1.2787536009528289,0,0.0,0,0,1,0,0,1,0,0,0,0
1.0,3,0,0.17064589092736868,1.0878417322991751,0,0.0,1,0,0,0,0,1,0,0,0,0
0.0,3,0,0.49736114601658704,1.0201540316383328,0,0.0,0,0,1,0,0,0,0,1,0,0
0.0,2,0,0.33400351847197784,1.3424226808222062,0,0.0,0,0,1,0,0,0,0,1,0,0
0.0,3,1,0.37170143252073384,0.9491850103134346,0,1.0,1,0,0,0,0,0,1,0,0,0
1.0,2,0,0.032420206081930136,1.6291974974299364,0,0.0,1,0,0,0,0,1,0,0,0,0
1.0,3,0,0.2334757476752953,0.9483738383870792,0,1.0,0,1,0,0,0,1,0,0,0,0
0.0,3,1,0.37170143252073384,0.9566485792052033,0,1.0,0,0,1,0,0,0,1,0,0,0
0.0,3,1,0.37170143252073384,1.2174839442139063,0,0.0,0,1,0,0,0,0,1,0,0,0
1.0,3,0,0.2586076903744659,0.9420080530223133,0,1.0,0,1,0,0,0,1,0,0,0,0
0.0,3,1,0.37170143252073384,1.3556277309213418,0,0.0,1,0,0,0,0,0,1,0,0,0
0.0,3,0,0.22090977632571,1.2741578492636798,0,0.0,0,0,1,0,0,0,0,1,0,0
0.0,3,1,0.08268409148027142,1.6094610059122672,0,0.0,0,0,1,1,0,0,0,0,0,0
0.0,3,1,0.2586076903744659,0.9444826721501687,0,1.0,0,0,1,0,0,0,1,0,0,0
1.0,1,0,0.610454888162855,1.8905841979078102,1,0.0,1,0,0,0,0,0,0,1,0,0
1.0,2,0,0.35913546117114853,1.4313637641589874,0,0.0,0,0,1,0,0,0,0,1,0,0
0.0,1,1,0.8115104297562202,1.7991971396636215,1,0.0,1,0,0,0,0,0,1,0,0,0
1.0,1,1,0.37170143252073384,1.5622928644564746,1,1.0,0,0,1,0,0,0,1,0,0,0
1.0,2,0,0.2586076903744659,1.0606978403536116,0,1.0,0,0,1,0,0,1,0,0,0,0
0.0,3,1,0.35285247549635584,0.9153576174148317,0,1.0,1,0,0,0,0,0,1,0,0,0
1.0,2,0,0.05755214878110078,1.4586378490256493,0,0.0,0,0,1,0,0,1,0,0,0,0
0.0,3,1,0.1329479768786127,1.6803355134145632,0,0.0,0,0,1,1,0,0,0,0,0,0
0.0,3,1,0.2711736617240512,0.9153576174148317,0,1.0,1,0,0,0,0,0,1,0,0,0
0.0,1,1,0.5601910027645137,1.926728200446934,1,0.0,0,0,1,0,0,0,1,0,0,0
0.0,3,1,0.04498617743151546,1.4608978427565478,0,0.0,0,0,1,1,0,0,0,0,0,0
0.0,1,1,0.37170143252073384,1.458196532741108,0,1.0,1,0,0,0,0,0,1,0,0,0
1.0,3,1,0.03870319175672279,1.2107411023865056,0,0.0,1,0,0,1,0,0,0,0,0,0
1.0,2,0,0.35913546117114853,1.0606978403536116,1,1.0,0,0,1,0,0,0,0,1,0,0
0.0,3,1,0.2334757476752953,0.9618148656833371,0,1.0,0,0,1,0,0,0,1,0,0,0
1.0,3,0,0.20834380497612465,0.9506082247842308,0,0.0,0,0,1,0,0,1,0,0,0,0
0.0,3,1,0.32143754712239253,0.9850895069263813,0,0.0,0,0,1,0,0,0,1,0,0,0
0.0,2,1,0.39683337521990447,1.0606978403536116,0,1.0,0,0,1,0,0,0,1,0,0,0
0.0,3,0,0.19577783362653933,1.6803355134145632,0,0.0,0,0,1,0,0,1,0,0,0,0
0.0,2,1,0.2586076903744659,1.8721562727482928,0,1.0,0,0,1,0,0,0,1,0,0,0
0.0,3,1,0.32143754712239253,1.1890465283525415,0,0.0,1,0,0,0,0,0,1,0,0,0
1.0,3,1,0.39683337521990447,1.75963612115147,0,1.0,0,0,1,0,0,0,1,0,0,0
0.0,3,1,0.3088715757728072,0.9370161074648142,1,1.0,0,0,1,0,0,0,1,0,0,0
0.0,3,1,0.37170143252073384,0.9491850103134346,0,1.0,0,0,1,0,0,0,1,0,0,0
0.0,3,1,0.37170143252073384,0.9566485792052033,0,1.0,0,0,1,0,0,0,1,0,0,0
1.0,2,1,0.005152048253329982,1.4771212547196624,0,0.0,0,0,1,1,0,0,0,0,0,0
1.0,3,0,0.37170143252073384,1.1295287738587763,0,1.0,0,0,1,0,0,1,0,0,0,0
0.0,3,1,0.2711736617240512,1.0,0,1.0,0,0,1,0,0,0,1,0,0,0
1.0,3,1,0.35913546117114853,1.021189299069938,0,1.0,0,0,1,0,0,0,1,0,0,0
1.0,3,0,0.2586076903744659,0.9438653380278803,0,1.0,0,1,0,0,0,1,0,0,0,0
0.0,1,1,0.34656948982156316,1.6821450763738317,0,1.0,0,0,1,0,0,0,1,0,0,0
1.0,2,0,0.20834380497612465,1.0606978403536116,0,1.0,0,0,1,0,0,1,0,0,0,0
1.0,3,0,0.4093993465694898,1.2265999052073575,0,0.0,0,0,1,0,0,0,0,1,0,0
0.0,3,1,0.19577783362653933,1.5486964485323467,0,0.0,0,0,1,0,0,0,1,0,0,0
0.0,3,1,0.37170143252073384,0.9566485792052033,0,1.0,0,0,1,0,0,0,1,0,0,0
1.0,1,0,0.2837396330736366,2.4216039268698313,1,0.0,0,0,1,0,0,1,0,0,0,0
0.0,3,1,0.2963056044232219,0.9566485792052033,0,1.0,0,0,1,0,0,0,1,0,0,0
0.0,3,1,0.35913546117114853,0.9566485792052033,0,1.0,0,0,1,0,0,0,1,0,0,0
0.0,3,1,0.24604171902488062,0.9471493276626374,0,1.0,0,0,1,0,0,0,1,0,0,0
0.0,1,1,0.5727569741140991,1.7936157939419737,1,0.0,0,0,1,0,0,0,1,0,0,0
0.0,3,1,0.32143754712239253,1.3339508043872472,0,0.0,0,0,1,0,0,0,1,0,0,0
0.0,3,1,0.7361146016587082,0.9164539485499251,0,1.0,0,0,1,0,0,0,1,0,0,0
0.0,3,1,0.37170143252073384,0.9566485792052033,0,1.0,0,0,1,0,0,0,1,0,0,0
0.0,1,1,0.8869062578537321,1.5521106963024893,1,1.0,1,0,0,0,0,0,1,0,0,0
1.0,1,1,0.2837396330736366,1.808604563855051,1,0.0,1,0,0,0,0,0,1,0,0,0
1.0,2,0,0.4219653179190751,1.380211241711606,0,0.0,0,0,1,0,0,0,0,1,0,0
0.0,2,1,0.4219653179190751,1.4313637641589874,0,0.0,0,0,1,0,0,0,1,0,0,0
0.0,3,0,0.34656948982156316,0.9491850103134346,0,1.0,0,0,1,0,0,1,0,0,0,0
0.0,3,1,0.37170143252073384,0.9491850103134346,0,1.0,0,0,1,0,0,0,1,0,0,0
0.0,1,1,0.2586076903744659,1.8936924247093643,1,0.0,0,0,1,0,0,0,1,0,0,0
0.0,3,1,0.4093993465694898,0.9847162915819765,0,1.0,0,0,1,0,0,0,1,0,0,0
0.0,3,1,0.4596632319678311,0.9506082247842308,0,0.0,0,0,1,0,0,0,1,0,0,0
0.0,3,1,0.34656948982156316,0.9491850103134346,0,1.0,0,0,1,0,0,0,1,0,0,0
1.0,3,0,0.2586076903744659,0.9370161074648142,0,1.0,0,0,1,0,0,1,0,0,0,0
1.0,3,1,0.37170143252073384,0.9432471251378617,0,1.0,0,0,1,0,0,0,1,0,0,0
0.0,3,1,0.4722292033174164,0.9491850103134346,0,1.0,0,0,1,0,0,0,1,0,0,0
1.0,3,0,0.2586076903744659,1.400537989391946,0,0.0,0,1,0,0,0,1,0,0,0,0
0.0,1,1,0.5853229454636844,1.724275869600789,1,1.0,0,0,1,0,0,0,1,0,0,0
0.0,3,0,0.17692887660216136,1.1890465283525415,0,0.0,1,0,0,0,0,1,0,0,0,0
0.0,3,1,0.2711736617240512,0.9566485792052033,0,1.0,0,0,1,0,0,0,1,0,0,0
0.0,3,0,0.24604171902488062,1.034427905025403,0,0.0,0,0,1,0,0,1,0,0,0,0
0.0,3,0,0.20834380497612465,1.1891617314183722,0,1.0,1,0,0,0,0,1,0,0,0,0
0.0,3,1,0.2586076903744659,0.9506082247842308,0,1.0,0,0,1,0,0,0,1,0,0,0
0.0,3,1,0.8806232721789394,0.9420080530223133,0,1.0,0,1,0,0,0,0,1,0,0,0
0.0,2,1,0.35913546117114853,1.3424226808222062,0,0.0,0,0,1,0,0,0,1,0,0,0
0.0,1,1,0.2963056044232219,2.3953627429574396,1,0.0,1,0,0,0,0,0,1,0,0,0
0.0,3,0,0.01985423473234481,1.5088662509384578,0,0.0,0,0,1,0,0,1,0,0,0,0
0.0,2,1,0.2586076903744659,1.8721562727482928,0,0.0,0,0,1,0,0,0,1,0,0,0
0.0,3,1,0.37170143252073384,0.9566485792052033,0,1.0,0,0,1,0,0,0,1,0,0,0
0.0,2,1,0.40311636089469716,1.492352435460081,0,0.0,1,0,0,0,0,0,1,0,0,0
1.0,2,0,0.40311636089469716,1.146128035678238,1,1.0,0,0,1,0,0,1,0,0,0,0
0.0,1,1,0.6732847449107816,1.8936924247093643,1,0.0,0,0,1,0,0,0,1,0,0,0
1.0,3,1,0.14551394822819805,1.0878417322991751,0,0.0,1,0,0,1,0,0,0,0,0,0
0.0,3,1,0.37170143252073384,0.9420080530223133,0,1.0,0,1,0,0,0,0,1,0,0,0
1.0,3,1,0.2963056044232219,0.9107150957411293,0,1.0,0,0,1,0,0,0,1,0,0,0
1.0,3,0,0.2586076903744659,1.3684412319555557,1,0.0,1,0,0,0,0,1,0,0,0,0
0.0,3,1,0.5601910027645137,0.9017306917292187,0,1.0,0,0,1,0,0,0,1,0,0,0
0.0,3,1,0.4093993465694898,0.9491850103134346,0,1.0,1,0,0,0,0,0,1,0,0,0
0.0,3,1,0.24604171902488062,0.9057958803678685,0,1.0,0,0,1,0,0,0,1,0,0,0
0.0,3,0,0.5853229454636844,1.1903316981702914,0,0.0,0,0,1,0,0,0,0,1,0,0
1.0,2,0,0.35913546117114853,1.4313637641589874,0,0.0,0,0,1,0,0,0,0,1,0,0
0.0,2,1,0.3088715757728072,1.146128035678238,0,1.0,0,0,1,0,0,0,1,0,0,0
0.0,2,1,0.2837396330736366,1.2053613747144323,0,1.0,1,0,0,0,0,0,1,0,0,0
1.0,1,0,0.2334757476752953,1.4358968984299505,1,0.0,0,0,1,0,0,1,0,0,0,0
0.0,1,1,0.4596632319678311,1.7331972651065695,1,0.0,0,0,1,0,0,0,1,0,0,0
0.0,3,1,0.19577783362653933,1.0093106410801986,0,1.0,0,0,1,0,0,0,1,0,0,0
0.0,1,1,0.2963056044232219,1.9041743682841634,1,1.0,1,0,0,0,0,0,1,0,0,0
0.0,3,0,0.4345312892686604,1.2107411023865056,0,0.0,1,0,0,0,0,0,0,1,0,0
1.0,3,0,0.2711736617240512,0.9420080530223133,0,1.0,0,0,1,0,0,1,0,0,0,0
1.0,3,0,0.2963056044232219,1.2265999052073575,0,0.0,0,0,1,0,0,0,0,1,0,0
0.0,3,1,0.2334757476752953,0.8893017025063102,0,1.0,0,1,0,0,0,0,1,0,0,0
0.0,2,1,0.22090977632571,1.0969100130080565,0,1.0,0,0,1,0,0,0,1,0,0,0
0.0,2,1,0.2334757476752953,1.576916955965207,0,0.0,0,0,1,0,0,0,1,0,0,0
1.0,3,1,0.33400351847197784,0.9442753457587986,0,1.0,0,0,1,0,0,0,1,0,0,0
0.0,3,0,0.10781603417944208,1.5486964485323467,0,0.0,0,0,1,0,0,1,0,0,0,0
0.0,2,1,0.4533802462930384,1.4313637641589874,1,0.0,0,0,1,0,0,0,1,0,0,0
0.0,2,1,0.5224930887157577,1.146128035678238,0,1.0,0,0,1,0,0,0,0,0,1,0
0.0,2,1,0.6355868308620256,1.131137273778607,0,1.0,0,0,1,0,0,0,0,0,1,0
1.0,1,0,0.2711736617240512,1.829946695941636,1,0.0,0,0,1,0,0,0,0,1,0,0
0.0,3,1,0.6921337019351597,0.9566485792052033,0,1.0,0,0,1,0,0,0,1,0,0,0
0.0,3,1,0.5036441316913798,1.1903316981702914,0,0.0,0,0,1,0,0,0,1,0,0,0
0.0,3,1,0.37170143252073384,0.919731658311161,0,1.0,0,0,1,0,0,0,1,0,0,0
0.0,1,1,0.6355868308620256,1.7950398007222887,0,0.0,1,0,0,0,0,0,1,0,0,0
1.0,3,0,0.19577783362653933,0.9411783789843933,0,1.0,0,1,0,0,0,1,0,0,0,0
0.0,3,1,0.37170143252073384,0.9566485792052033,0,1.0,0,0,1,0,0,0,1,0,0,0
0.0,3,1,0.37170143252073384,0.9850895069263813,0,1.0,0,0,1,0,0,0,1,0,0,0
0.0,3,1,0.03870319175672279,1.8484970180903666,0,0.0,0,0,1,1,0,0,0,0,0,0
0.0,3,1,0.5476250314149284,1.2329961103921538,0,0.0,0,0,1,0,0,0,1,0,0,0
1.0,2,0,0.49736114601658704,1.224014811372864,0,1.0,0,0,1,0,0,0,0,1,0,0
0.0,3,1,0.32143754712239253,0.9432471251378617,0,1.0,0,0,1,0,0,0,1,0,0,0
0.0,3,1,0.20834380497612465,0.9850895069263813,0,1.0,0,0,1,0,0,0,1,0,0,0
0.0,3,1,0.007288263382759488,1.6094610059122672,0,0.0,0,0,1,1,0,0,0,0,0,0
1.0,3,1,0.10781603417944208,1.3329431601256923,0,0.0,0,0,1,1,0,0,0,0,0,0
1.0,1,0,0.4345312892686604,1.7481880270062005,1,0.0,0,0,1,0,0,0,0,1,0,0
0.0,3,0,0.5601910027645137,1.4608978427565478,0,0.0,0,0,1,0,0,0,0,1,0,0
0.0,1,1,0.37170143252073384,1.4301557119700192,0,1.0,0,0,1,0,0,0,1,0,0,0
0.0,3,1,0.34656948982156316,1.75963612115147,0,1.0,0,0,1,0,0,0,1,0,0,0
0.0,1,1,0.7612465443578789,1.5378190950732742,1,1.0,0,0,1,0,0,0,1,0,0,0
0.0,3,1,0.04498617743151546,1.4789270555829248,0,0.0,0,1,0,1,0,0,0,0,0,0
1.0,3,0,0.007288263382759488,1.083978935811046,0,0.0,0,0,1,0,0,1,0,0,0,0
0.0,3,1,0.2586076903744659,0.9506082247842308,0,1.0,0,0,1,0,0,0,1,0,0,0
0.0,1,1,0.6984166876099522,1.5010017178117605,1,1.0,1,0,0,0,0,0,1,0,0,0
0.0,3,1,0.22090977632571,0.9471493276626374,0,0.0,0,0,1,0,0,0,1,0,0,0
0.0,3,1,0.03870319175672279,1.4226997946774695,0,0.0,0,0,1,1,0,0,0,0,0,0
0.0,1,0,0.6230208595124404,1.4729391947362367,1,1.0,1,0,0,0,0,1,0,0,0,0
0.0,2,1,0.37170143252073384,1.146128035678238,0,1.0,0,0,1,0,0,0,1,0,0,0
0.0,3,1,0.4470972606182458,0.0,0,1.0,0,0,1,0,0,0,1,0,0,0
0.0,3,0,0.2586076903744659,1.8484970180903666,0,0.0,0,0,1,0,0,1,0,0,0,0
0.0,2,1,0.37170143252073384,1.2054750367408908,0,1.0,1,0,0,0,0,0,1,0,0,0
0.0,3,1,0.10781603417944208,1.5103774259938814,0,0.0,0,0,1,1,0,0,0,0,0,0
1.0,2,1,0.007288263382759488,1.6020599913279623,1,0.0,0,0,1,1,0,0,0,0,0,0
1.0,3,0,0.04498617743151546,1.3621996388688864,0,0.0,0,0,1,0,0,1,0,0,0,0
0.0,1,1,0.37170143252073384,1.7075701760979363,1,1.0,0,0,1,0,0,0,1,0,0,0
1.0,3,0,0.4345312892686604,1.2174839442139063,0,0.0,0,1,0,0,0,0,0,1,0,0
1.0,1,1,0.5601910027645137,1.440121603187804,0,1.0,0,0,1,0,0,0,1,0,0,0
0.0,3,1,0.49736114601658704,1.2174839442139063,0,0.0,0,1,0,0,0,0,1,0,0,0
0.0,3,1,0.4470972606182458,0.9491850103134346,0,1.0,0,0,1,0,0,0,1,0,0,0
1.0,2,0,0.39683337521990447,1.146128035678238,0,1.0,0,0,1,0,0,0,0,1,0,0
0.0,2,1,0.2334757476752953,1.146128035678238,0,1.0,0,0,1,0,0,0,1,0,0,0
1.0,3,0,0.2334757476752953,0.9471493276626374,0,0.0,0,0,1,0,0,1,0,0,0,0
1.0,2,1,0.032420206081930136,1.4313637641589874,1,0.0,0,0,1,1,0,0,0,0,0,0
1.0,1,0,0.5476250314149284,1.458196532741108,1,1.0,1,0,0,0,0,0,0,1,0,0
1.0,1,0,0.723548630309123,2.1688532588793175,1,1.0,1,0,0,0,0,1,0,0,0,0
0.0,3,1,0.37170143252073384,0.9420080530223133,0,1.0,0,1,0,0,0,0,1,0,0,0
0.0,3,1,0.5224930887157577,0.9733218567324377,0,0.0,0,0,1,0,0,0,1,0,0,0
1.0,3,0,0.2586076903744659,0.9420080530223133,0,1.0,0,1,0,0,0,1,0,0,0,0
0.0,2,0,0.2963056044232219,1.146128035678238,0,1.0,0,0,1,0,0,1,0,0,0,0
0.0,3,1,0.34656948982156316,1.021189299069938,0,1.0,0,0,1,0,0,0,1,0,0,0
0.0,3,1,0.37170143252073384,1.8484970180903666,0,0.0,0,0,1,0,0,0,1,0,0,0
0.0,3,1,0.4219653179190751,0.8748179903590257,0,1.0,0,0,1,0,0,0,1,0,0,0
0.0,3,1,0.5664739884393064,0.9151359066220119,0,1.0,1,0,0,0,0,0,1,0,0,0
1.0,3,1,0.22090977632571,0.9566485792052033,0,1.0,0,0,1,0,0,0,1,0,0,0
0.0,3,0,0.01985423473234481,1.0592793486780776,1,0.0,0,0,1,0,0,1,0,0,0,0
0.0,3,1,0.39683337521990447,1.2265999052073575,0,0.0,0,0,1,0,0,0,1,0,0,0
1.0,3,1,0.32143754712239253,1.2963909278704124,0,1.0,1,0,0,0,0,0,1,0,0,0
1.0,3,0,0.19577783362653933,0.9420080530223133,0,1.0,0,1,0,0,0,1,0,0,0,0
1.0,1,1,0.49736114601658704,1.505149978319906,1,1.0,1,0,0,0,0,0,1,0,0,0
0.0,3,1,0.2963056044232219,0.9057958803678685,0,1.0,0,0,1,0,0,0,1,0,0,0
1.0,2,0,0.4345312892686604,1.3424226808222062,0,1.0,0,0,1,0,0,1,0,0,0,0
0.0,3,1,0.2711736617240512,0.9164539485499251,0,1.0,0,0,1,0,0,0,1,0,0,0
0.0,2,1,0.37170143252073384,1.146128035678238,0,1.0,0,0,1,0,0,0,1,0,0,0
0.0,3,1,0.37170143252073384,0.9420080530223133,0,0.0,0,1,0,0,0,0,1,0,0,0
1.0,1,0,0.38426740387031916,2.0579512299613683,1,0.0,1,0,0,0,0,1,0,0,0,0
1.0,3,0,0.33400351847197784,0.9506082247842308,0,1.0,0,0,1,0,0,1,0,0,0,0
0.0,2,1,0.5224930887157577,1.4471580313422192,0,0.0,0,0,1,0,0,0,1,0,0,0
1.0,1,0,0.39683337521990447,1.88813285953623,1,1.0,1,0,0,0,0,1,0,0,0,0
0.0,2,1,0.37170143252073384,1.0606978403536116,0,1.0,0,0,1,0,0,0,1,0,0,0
1.0,3,1,0.19577783362653933,0.9566485792052033,0,1.0,0,0,1,0,0,0,1,0,0,0
0.0,2,1,0.33400351847197784,1.146128035678238,0,1.0,0,0,1,0,0,0,1,0,0,0
0.0,3,1,0.6355868308620256,0.9566485792052033,0,1.0,0,0,1,0,0,0,1,0,0,0
0.0,3,1,0.37170143252073384,0.9491850103134346,0,1.0,0,0,1,0,0,0,1,0,0,0
1.0,1,1,0.4722292033174164,1.9590413923210936,1,0.0,0,0,1,0,0,0,1,0,0,0
0.0,3,1,0.2711736617240512,1.0149403497929366,0,1.0,0,0,1,0,0,0,1,0,0,0
1.0,2,1,0.2334757476752953,1.0606978403536116,0,1.0,0,0,1,0,0,0,1,0,0,0
0.0,3,1,0.2523247046996733,0.9164539485499251,0,1.0,0,0,1,0,0,0,1,0,0,0
0.0,2,1,0.22090977632571,1.146128035678238,0,1.0,0,0,1,0,0,0,1,0,0,0
0.0,3,0,0.2586076903744659,1.4226997946774695,0,0.0,0,0,1,0,0,1,0,0,0,0
1.0,1,0,0.4345312892686604,1.926728200446934,1,0.0,0,0,1,0,0,0,0,1,0,0
0.0,3,1,0.35913546117114853,0.9432471251378617,0,1.0,0,0,1,0,0,0,1,0,0,0
0.0,2,1,0.7361146016587082,1.1613680022349748,0,1.0,0,0,1,0,0,0,1,0,0,0
1.0,3,0,0.05755214878110078,1.5103774259938814,0,0.0,0,0,1,0,0,1,0,0,0,0
0.0,2,1,0.2963056044232219,1.0606978403536116,0,1.0,0,0,1,0,0,0,1,0,0,0
0.0,3,0,0.2586076903744659,0.9319661147281727,0,1.0,0,0,1,0,0,1,0,0,0,0
0.0,2,1,0.5476250314149284,1.4313637641589874,0,0.0,0,0,1,0,0,0,1,0,0,0
1.0,2,0,0.09525006282985675,1.4353665066126613,0,0.0,0,0,1,0,0,1,0,0,0,0
0.0,2,1,0.2334757476752953,1.0606978403536116,0,1.0,0,0,1,0,0,0,1,0,0,0
0.0,2,1,0.4093993465694898,1.1230345297535067,0,1.0,0,0,1,0,0,0,1,0,0,0
0.0,3,0,0.2586076903744659,1.1890465283525415,0,0.0,1,0,0,0,0,1,0,0,0,0
1.0,3,0,0.2586076903744659,1.2174839442139063,0,0.0,0,1,0,0,0,1,0,0,0,0
0.0,2,1,0.35913546117114853,1.0606978403536116,0,1.0,0,0,1,0,0,0,1,0,0,0
0.0,3,1,0.2711736617240512,0.909823369650912,0,1.0,0,0,1,0,0,0,1,0,0,0
0.0,3,1,0.37170143252073384,0.9151359066220119,0,1.0,1,0,0,0,0,0,1,0,0,0
0.0,1,1,0.5476250314149284,1.9590413923210936,1,0.0,0,1,0,0,0,0,0,0,1,0
0.0,3,0,0.3088715757728072,0.9432471251378617,0,1.0,0,0,1,0,0,1,0,0,0,0
1.0,2,0,0.2963056044232219,1.1903316981702914,0,0.0,0,0,1,0,0,0,0,1,0,0
1.0,1,1,0.4596632319678311,1.7287935361444735,1,0.0,0,0,1,0,0,0,1,0,0,0
0.0,2,1,0.6732847449107816,1.4313637641589874,0,0.0,0,0,1,0,0,0,0,0,1,0
0.0,3,1,0.37170143252073384,0.9164539485499251,0,1.0,0,0,1,0,0,0,1,0,0,0
0.0,3,0,0.35913546117114853,1.0592793486780776,1,0.0,0,0,1,0,0,0,0,1,0,0
0.0,1,1,0.7738125157074642,1.440121603187804,1,1.0,0,0,1,0,0,0,1,0,0,0
0.0,3,1,0.37170143252073384,1.2329961103921538,0,0.0,0,0,1,0,0,0,1,0,0,0
0.0,3,0,0.5099271173661725,1.326591855325732,0,0.0,0,0,1,0,0,0,0,1,0,0
1.0,3,0,0.35913546117114853,1.2107411023865056,0,0.0,1,0,0,0,0,0,0,1,0,0
1.0,1,0,0.4345312892686604,1.9041743682841634,0,1.0,1,0,0,0,0,0,0,1,0,0
1.0,1,0,0.37170143252073384,1.9420080530223132,1,1.0,0,0,1,0,0,1,0,0,0,0
1.0,1,0,0.4345312892686604,2.7103959691861146,0,1.0,1,0,0,0,0,1,0,0,0,0
1.0,2,0,0.6230208595124404,1.4313637641589874,0,0.0,0,0,1,0,0,0,0,1,0,0
0.0,3,1,0.37170143252073384,0.9420080530223133,0,1.0,0,1,0,0,0,0,1,0,0,0
1.0,3,1,0.032420206081930136,1.5103774259938814,0,0.0,0,0,1,1,0,0,0,0,0,0
0.0,1,1,0.648152802211611,1.9066043717249803,1,0.0,0,0,1,0,0,0,1,0,0,0
0.0,1,1,0.49736114601658704,0.0,1,1.0,0,0,1,0,0,0,1,0,0,0
0.0,3,0,0.2586076903744659,0.9420080530223133,0,1.0,0,1,0,0,0,1,0,0,0,0
0.0,2,1,0.4470972606182458,1.0606978403536116,0,1.0,0,0,1,0,0,0,1,0,0,0
0.0,3,1,0.19577783362653933,1.6094610059122672,0,0.0,0,0,1,0,0,0,1,0,0,0
1.0,3,1,0.3088715757728072,0.9432471251378617,0,0.0,0,0,1,0,0,0,1,0,0,0
1.0,1,0,0.723548630309123,2.1888230596841365,1,0.0,0,0,1,0,0,0,0,1,0,0
1.0,1,0,0.4345312892686604,2.135556557645501,1,1.0,0,0,1,0,0,1,0,0,0,0
0.0,1,1,0.37170143252073384,1.505149978319906,0,1.0,0,0,1,0,0,0,1,0,0,0
1.0,3,1,0.3088715757728072,0.0,0,1.0,0,0,1,0,0,0,1,0,0,0
1.0,2,0,0.5099271173661725,1.3117538610557542,0,0.0,0,0,1,0,0,0,0,1,0,0
0.0,1,1,0.4596632319678311,1.4871383754771865,1,0.0,1,0,0,0,0,0,1,0,0,0
1.0,3,0,0.2586076903744659,0.9420080530223133,0,1.0,0,1,0,0,0,1,0,0,0,0
1.0,1,0,0.7863784870570495,1.8973977892491294,1,0.0,0,0,1,0,0,1,0,0,0,0
0.0,3,0,0.5601910027645137,0.9420080530223133,0,1.0,0,0,1,0,0,1,0,0,0,0
0.0,2,1,0.37170143252073384,0.0,0,1.0,0,0,1,0,0,0,1,0,0,0
0.0,3,1,0.08268409148027142,1.4789270555829248,0,0.0,0,1,0,1,0,0,0,0,0,0
1.0,3,0,0.4345312892686604,1.3273589343863303,0,0.0,0,0,1,0,0,0,0,1,0,0
0.0,3,1,0.8115104297562202,0.9420080530223133,0,1.0,0,1,0,0,0,0,1,0,0,0
0.0,3,1,0.34656948982156316,0.9471493276626374,0,1.0,0,0,1,0,0,0,1,0,0,0
0.0,3,1,0.19577783362653933,1.021189299069938,0,1.0,0,0,1,0,0,0,1,0,0,0
1.0,3,1,0.2334757476752953,0.9566485792052033,0,1.0,0,0,1,0,0,0,1,0,0,0
0.0,1,1,0.37170143252073384,1.4313637641589874,1,1.0,0,0,1,0,0,0,1,0,0,0
0.0,3,1,0.4093993465694898,0.9850895069263813,0,1.0,1,0,0,0,0,0,1,0,0,0
1.0,3,1,0.37170143252073384,1.021189299069938,0,1.0,0,0,1,0,0,0,1,0,0,0
0.0,3,1,0.2711736617240512,0.9491850103134346,0,1.0,0,0,1,0,0,0,1,0,0,0
1.0,2,1,0.5224930887157577,1.146128035678238,0,1.0,0,0,1,0,0,0,1,0,0,0
1.0,3,0,0.2711736617240512,0.9420080530223133,0,1.0,0,1,0,0,0,1,0,0,0,0
1.0,1,0,0.32143754712239253,1.9022749204745018,0,1.0,0,0,1,0,0,1,0,0,0,0
1.0,1,0,0.2334757476752953,1.9641615374126258,1,0.0,1,0,0,0,0,0,0,1,0,0
0.0,2,1,0.4470972606182458,1.1422329917947138,1,1.0,1,0,0,0,0,0,1,0,0,0
0.0,3,0,0.2963056044232219,0.9934362304976118,0,1.0,0,0,1,0,0,1,0,0,0,0
0.0,3,1,0.2963056044232219,0.9491850103134346,0,1.0,0,0,1,0,0,0,1,0,0,0
0.0,1,1,0.37170143252073384,1.458196532741108,0,1.0,1,0,0,0,0,0,1,0,0,0
0.0,3,1,0.2900226187484292,0.9153576174148317,0,1.0,1,0,0,0,0,0,1,0,0,0
0.0,1,0,0.01985423473234481,2.183412211978426,1,0.0,0,0,1,0,0,1,0,0,0,0
1.0,1,1,0.37170143252073384,1.4983105537896004,1,1.0,0,0,1,0,0,0,1,0,0,0
1.0,1,0,0.6230208595124404,2.3953627429574396,1,0.0,1,0,0,0,0,0,0,1,0,0
1.0,3,0,0.2586076903744659,0.9420080530223133,0,1.0,0,1,0,0,0,1,0,0,0,0
1.0,3,1,0.37170143252073384,1.3847117429382825,0,0.0,0,1,0,0,0,0,1,0,0,0
0.0,3,1,0.2334757476752953,0.0,0,1.0,0,0,1,0,0,0,1,0,0,0
1.0,2,0,0.2586076903744659,1.125481265700594,1,1.0,0,1,0,0,0,1,0,0,0,0
0.0,3,1,0.37170143252073384,0.9566485792052033,0,1.0,0,0,1,0,0,0,1,0,0,0
1.0,1,1,0.006282985674792663,2.183412211978426,1,0.0,0,0,1,1,0,0,0,0,0,0
1.0,1,0,0.2586076903744659,2.048765267412167,0,1.0,1,0,0,0,0,1,0,0,0,0
1.0,1,0,0.20834380497612465,2.0409976924234905,1,0.0,1,0,0,0,0,0,0,1,0,0
0.0,2,1,0.37170143252073384,1.3979400086720377,0,0.0,1,0,0,0,0,0,1,0,0,0
1.0,1,0,0.37170143252073384,1.7628975309505581,1,1.0,1,0,0,0,0,1,0,0,0,0
1.0,1,0,0.2963056044232219,1.9250969541376577,1,1.0,1,0,0,0,0,1,0,0,0,0
1.0,1,0,0.22090977632571,2.4205745486161567,1,0.0,1,0,0,0,0,1,0,0,0,0
0.0,2,0,0.32143754712239253,1.4313637641589874,0,0.0,0,0,1,0,0,0,0,1,0,0
0.0,3,1,0.34656948982156316,0.9491850103134346,0,1.0,0,0,1,0,0,0,1,0,0,0
0.0,2,1,0.5350590600653431,1.4353665066126613,0,0.0,0,0,1,0,0,0,1,0,0,0
1.0,3,0,0.32143754712239253,0.9471493276626374,0,1.0,0,0,1,0,0,1,0,0,0,0
1.0,2,0,0.2963056044232219,1.4313637641589874,0,0.0,0,0,1,0,0,0,0,1,0,0
0.0,2,1,0.6732847449107816,1.1760912590556813,0,1.0,0,0,1,0,0,0,0,0,1,0
1.0,1,0,0.38426740387031916,2.219759204240921,1,0.0,0,0,1,0,0,1,0,0,0,0
1.0,1,0,0.49736114601658704,2.1319392952104246,1,0.0,1,0,0,0,0,0,0,1,0,0
0.0,3,1,0.2711736617240512,0.9164539485499251,0,1.0,0,0,1,0,0,0,1,0,0,0
0.0,3,1,0.33400351847197784,0.9491850103134346,0,1.0,0,0,1,0,0,0,1,0,0,0
1.0,2,0,0.37170143252073384,1.125481265700594,0,1.0,0,1,0,0,0,1,0,0,0,0
1.0,2,0,0.2711736617240512,1.4771212547196624,0,0.0,0,0,1,0,0,0,0,1,0,0
0.0,3,1,0.37170143252073384,1.8484970180903666,0,0.0,0,0,1,0,0,0,1,0,0,0
1.0,1,0,0.4470972606182458,2.135556557645501,1,1.0,1,0,0,0,0,1,0,0,0,0
0.0,3,1,0.7612465443578789,0.8595885767354926,0,1.0,0,0,1,0,0,0,1,0,0,0
1.0,2,0,0.4470972606182458,1.146128035678238,1,1.0,0,0,1,0,0,0,0,1,0,0
1.0,3,0,0.38426740387031916,1.3329431601256923,0,0.0,0,0,1,0,0,0,0,1,0,0
1.0,1,0,0.19577783362653933,1.770698877440231,1,0.0,1,0,0,0,0,1,0,0,0,0
1.0,3,0,0.2586076903744659,1.3847117429382825,0,0.0,0,1,0,0,0,1,0,0,0,0
0.0,1,1,0.5664739884393064,1.469822015978163,1,1.0,0,0,1,0,0,0,1,0,0,0
0.0,1,1,0.4722292033174164,2.1888230596841365,1,0.0,0,0,1,0,0,0,1,0,0,0
0.0,3,1,0.19577783362653933,1.2787536009528289,0,0.0,0,0,1,0,0,0,1,0,0,0
1.0,1,0,0.4345312892686604,2.1292063577475293,0,0.0,0,0,1,0,0,0,0,1,0,0
0.0,3,1,0.37170143252073384,0.9491850103134346,0,1.0,0,0,1,0,0,0,1,0,0,0
0.0,1,1,0.35913546117114853,1.829946695941636,1,0.0,0,0,1,0,0,0,1,0,0,0
1.0,1,0,0.5099271173661725,2.1319392952104246,1,1.0,1,0,0,0,0,1,0,0,0,0
1.0,3,1,0.5601910027645137,0.9566485792052033,0,1.0,0,0,1,0,0,0,1,0,0,0
0.0,1,1,0.5601910027645137,1.5622928644564746,1,1.0,0,0,1,0,0,0,1,0,0,0
1.0,2,1,0.01985423473234481,1.4313637641589874,1,0.0,0,0,1,1,0,0,0,0,0,0
1.0,1,0,0.2963056044232219,2.4216039268698313,1,0.0,0,0,1,0,0,1,0,0,0,0
0.0,2,1,0.34656948982156316,1.146128035678238,0,1.0,0,0,1,0,0,0,1,0,0,0
0.0,2,1,0.3088715757728072,1.146128035678238,0,1.0,0,0,1,0,0,0,1,0,0,0
0.0,2,1,0.4470972606182458,1.146128035678238,0,1.0,0,0,1,0,0,0,1,0,0,0
1.0,2,0,0.2963056044232219,1.146128035678238,1,1.0,0,0,1,0,0,1,0,0,0,0
1.0,2,0,0.49736114601658704,1.146128035678238,0,1.0,0,0,1,0,0,1,0,0,0,0
1.0,3,0,0.4345312892686604,1.2329961103921538,0,0.0,0,0,1,0,0,0,0,1,0,0
1.0,3,1,0.032420206081930136,1.2278867046136734,0,0.0,0,0,1,1,0,0,0,0,0,0
0.0,3,1,0.5224930887157577,0.9850895069263813,0,1.0,0,0,1,0,0,0,1,0,0,0
0.0,3,1,0.2837396330736366,1.0096633166793794,0,1.0,0,0,1,0,0,0,1,0,0,0
0.0,1,1,0.37170143252073384,1.5563025007672873,1,1.0,0,0,1,0,0,0,1,0,0,0
0.0,3,1,0.18321186227695402,0.9153576174148317,0,0.0,1,0,0,0,0,0,1,0,0,0
0.0,3,1,0.3088715757728072,1.2741578492636798,0,0.0,0,0,1,0,0,0,1,0,0,0
0.0,3,1,0.37170143252073384,0.9151359066220119,0,1.0,1,0,0,0,0,0,1,0,0,0
0.0,3,1,0.34656948982156316,1.021189299069938,0,1.0,0,0,1,0,0,0,1,0,0,0
1.0,1,0,0.2711736617240512,1.7481880270062005,1,0.0,0,0,1,0,0,1,0,0,0,0
0.0,2,0,0.4722292033174164,1.146128035678238,0,1.0,0,0,1,0,0,1,0,0,0,0
1.0,3,0,0.2586076903744659,0.9483738383870792,0,1.0,0,1,0,0,0,1,0,0,0,0
1.0,3,0,0.2586076903744659,0.9483738383870792,0,1.0,0,1,0,0,0,1,0,0,0,0
0.0,3,1,0.49736114601658704,1.4608978427565478,0,0.0,0,0,1,0,0,0,1,0,0,0
0.0,2,1,0.35913546117114853,1.458196532741108,0,0.0,1,0,0,0,0,0,1,0,0,0
0.0,3,0,0.5601910027645137,1.1890465283525415,0,0.0,1,0,0,0,0,0,0,1,0,0
0.0,3,1,0.4345312892686604,0.9057958803678685,0,1.0,0,0,1,0,0,0,1,0,0,0
0.0,3,1,0.37170143252073384,1.2174839442139063,0,0.0,0,1,0,0,0,0,1,0,0,0
0.0,3,1,0.37170143252073384,0.9164539485499251,0,1.0,0,0,1,0,0,0,1,0,0,0
1.0,1,0,0.7486805730082936,1.8822398480188234,1,0.0,1,0,0,0,0,0,0,1,0,0
1.0,3,0,0.4345312892686604,0.9153576174148317,0,1.0,1,0,0,0,0,0,0,1,0,0
1.0,3,0,0.2586076903744659,0.9420080530223133,0,1.0,0,1,0,0,0,1,0,0,0,0
1.0,1,0,0.2963056044232219,1.8469553250198238,1,1.0,1,0,0,0,0,0,0,1,0,0
1.0,1,1,0.3088715757728072,1.7516000860444023,1,0.0,1,0,0,0,0,0,1,0,0,0
0.0,3,1,0.22090977632571,0.8748179903590257,0,0.0,0,0,1,0,0,0,1,0,0,0
0.0,3,1,0.2334757476752953,0.9566485792052033,0,1.0,0,0,1,0,0,0,1,0,0,0
0.0,1,1,0.2711736617240512,2.135556557645501,0,1.0,1,0,0,0,0,0,1,0,0,0
0.0,3,0,0.032420206081930136,1.3439007122496063,0,0.0,0,0,1,0,0,1,0,0,0,0
1.0,1,0,0.4345312892686604,1.9199708788780554,0,0.0,1,0,0,0,0,0,0,1,0,0
1.0,3,0,0.2711736617240512,0.9164539485499251,0,1.0,0,0,1,0,0,1,0,0,0,0
0.0,1,1,0.33400351847197784,2.3273589343863303,1,0.0,1,0,0,0,0,0,1,0,0,0
0.0,3,1,0.24604171902488062,0.7000543856282387,0,1.0,1,0,0,0,0,0,1,0,0,0
0.0,3,1,0.2334757476752953,0.9432471251378617,0,1.0,0,0,1,0,0,0,1,0,0,0
1.0,1,0,0.5224930887157577,2.3589337176143736,0,1.0,1,0,0,0,0,1,0,0,0,0
1.0,3,0,0.007288263382759488,1.2237995553975871,0,0.0,1,0,0,0,0,1,0,0,0,0
0.0,3,1,0.39683337521990447,0.9506082247842308,0,1.0,0,0,1,0,0,0,1,0,0,0
1.0,1,0,0.4345312892686604,1.724275869600789,0,0.0,0,0,1,0,0,0,0,1,0,0
0.0,3,1,0.37170143252073384,0.9491850103134346,0,1.0,0,0,1,0,0,0,1,0,0,0
0.0,2,1,0.22090977632571,1.8721562727482928,0,1.0,0,0,1,0,0,0,1,0,0,0
0.0,3,1,0.007288263382759488,1.6803355134145632,0,0.0,0,0,1,1,0,0,0,0,0,0
1.0,2,0,0.4470972606182458,1.146128035678238,0,1.0,0,0,1,0,0,1,0,0,0,0
0.0,3,1,0.37170143252073384,0.9409744439912912,0,1.0,0,1,0,0,0,0,1,0,0,0
1.0,2,0,0.20834380497612465,1.1139433523068367,0,1.0,1,0,0,0,0,1,0,0,0,0
1.0,1,1,0.4470972606182458,2.0827853703164503,1,0.0,0,0,1,0,0,0,1,0,0,0
1.0,3,1,0.2586076903744659,0.9442753457587986,0,1.0,0,0,1,0,0,0,1,0,0,0
0.0,3,1,0.34656948982156316,0.9506082247842308,0,0.0,0,0,1,0,0,0,1,0,0,0
1.0,1,0,0.2837396330736366,2.0579512299613683,1,0.0,1,0,0,0,0,1,0,0,0,0
1.0,3,0,0.2963056044232219,1.2479732663618066,1,0.0,0,0,1,0,0,0,0,1,0,0
0.0,3,1,0.2711736617240512,0.9442753457587986,0,1.0,0,0,1,0,0,0,1,0,0,0
0.0,3,0,0.38426740387031916,0.9471493276626374,0,1.0,0,0,1,0,0,1,0,0,0,0
0.0,2,1,0.5727569741140991,1.4313637641589874,0,1.0,0,0,1,0,0,0,1,0,0,0
0.0,2,1,0.2837396330736366,1.0606978403536116,0,1.0,0,0,1,0,0,0,0,0,1,0
1.0,2,0,0.34656948982156316,1.1351326513767748,0,1.0,0,0,1,0,0,0,0,1,0,0
1.0,3,1,0.4847951746670017,0.9506082247842308,0,1.0,0,0,1,0,0,0,1,0,0,0
0.0,3,1,0.32143754712239253,0.9566485792052033,0,1.0,0,0,1,0,0,0,1,0,0,0
0.0,3,0,0.2586076903744659,1.034427905025403,0,0.0,0,0,1,0,0,1,0,0,0,0
0.0,3,1,0.34656948982156316,1.2265999052073575,0,0.0,0,0,1,0,0,0,1,0,0,0
0.0,3,0,0.24604171902488062,0.9850895069263813,0,1.0,0,0,1,0,0,1,0,0,0,0
0.0,2,1,0.4219653179190751,1.3424226808222062,0,0.0,0,0,1,0,0,0,1,0,0,0
0.0,3,1,0.6355868308620256,0.9420080530223133,0,1.0,0,0,1,0,0,0,1,0,0,0
1.0,2,1,0.032420206081930136,1.295567099962479,0,0.0,0,0,1,1,0,0,0,0,0,0
0.0,3,1,0.2586076903744659,0.9432471251378617,0,1.0,0,0,1,0,0,0,1,0,0,0
0.0,3,0,0.2586076903744659,1.4226997946774695,0,0.0,0,0,1,0,0,1,0,0,0,0
0.0,3,1,0.37170143252073384,0.9491850103134346,0,1.0,0,0,1,0,0,0,1,0,0,0
0.0,3,1,0.37170143252073384,0.8953286045034766,0,1.0,0,1,0,0,0,0,1,0,0,0
1.0,1,0,0.4093993465694898,1.9590413923210936,1,0.0,0,1,0,0,0,1,0,0,0,0
0.0,2,1,0.37170143252073384,0.0,0,1.0,0,0,1,0,0,0,1,0,0,0
1.0,3,1,0.5476250314149284,0.9506082247842308,0,1.0,0,0,1,0,0,0,1,0,0,0
0.0,3,0,0.4345312892686604,0.9566485792052033,0,1.0,0,0,1,0,0,0,0,1,0,0
1.0,2,0,0.4219653179190751,1.5250448070368452,0,0.0,0,0,1,0,0,0,0,1,0,0
1.0,2,0,0.22090977632571,1.146128035678238,0,0.0,0,0,1,0,0,1,0,0,0,0
0.0,2,1,0.37170143252073384,1.146128035678238,0,1.0,0,0,1,0,0,0,1,0,0,0
0.0,3,0,0.12038200552902739,1.400537989391946,0,0.0,0,0,1,0,0,1,0,0,0,0
0.0,3,1,0.37170143252073384,0.9491850103134346,0,1.0,1,0,0,0,0,0,1,0,0,0
0.0,3,1,0.2586076903744659,0.9411783789843933,0,1.0,0,1,0,0,0,0,1,0,0,0
0.0,3,1,0.35913546117114853,0.9481683617271317,0,1.0,0,0,1,0,0,0,1,0,0,0
0.0,3,0,0.34656948982156316,1.187520720836463,0,0.0,0,0,1,0,0,0,0,1,0,0
0.0,3,1,0.22090977632571,1.326591855325732,0,0.0,0,0,1,0,0,0,1,0,0,0
0.0,3,1,0.37170143252073384,0.9164539485499251,0,1.0,0,0,1,0,0,0,1,0,0,0
1.0,2,0,0.34656948982156316,1.4313637641589874,0,0.0,0,0,1,0,0,0,0,1,0,0
1.0,2,0,0.2334757476752953,1.4313637641589874,0,1.0,0,0,1,0,0,1,0,0,0,0
0.0,3,1,0.37170143252073384,0.9420080530223133,0,1.0,0,1,0,0,0,0,1,0,0,0
1.0,3,1,0.39683337521990447,0.9566485792052033,1,1.0,0,0,1,0,0,0,1,0,0,0
1.0,1,1,0.34656948982156316,1.440121603187804,1,1.0,0,0,1,0,0,0,1,0,0,0
1.0,3,0,0.4345312892686604,1.2329961103921538,0,0.0,0,0,1,0,0,0,0,1,0,0
1.0,2,0,0.5224930887157577,1.4313637641589874,0,0.0,0,0,1,0,0,0,0,1,0,0
0.0,3,1,0.20834380497612465,0.909823369650912,0,1.0,0,0,1,0,0,0,1,0,0,0
0.0,1,1,0.6230208595124404,1.7551122663950711,1,0.0,0,0,1,0,0,0,1,0,0,0
1.0,1,0,0.17064589092736868,2.0827853703164503,1,0.0,0,0,1,0,0,1,0,0,0,0
0.0,3,0,0.2586076903744659,1.5486964485323467,0,0.0,0,0,1,0,0,1,0,0,0,0
1.0,2,0,0.2963056044232219,1.295567099962479,0,0.0,0,0,1,0,0,0,0,1,0,0
0.0,1,1,0.7989444584066349,2.4216039268698313,1,0.0,0,0,1,0,0,0,1,0,0,0
0.0,2,1,0.38426740387031916,1.0606978403536116,0,1.0,0,0,1,0,0,0,1,0,0,0
1.0,2,0,0.5601910027645137,1.4353665066126613,0,0.0,0,0,1,0,0,0,0,1,0,0
0.0,3,1,0.24604171902488062,1.021189299069938,0,1.0,0,0,1,0,0,0,1,0,0,0
0.0,3,1,0.3088715757728072,0.9432471251378617,0,0.0,0,0,1,0,0,0,1,0,0,0
1.0,2,0,0.34656948982156316,1.146128035678238,0,1.0,0,0,1,0,0,1,0,0,0,0
1.0,3,1,0.37170143252073384,0.9596375413260311,0,1.0,0,0,1,0,0,0,1,0,0,0
1.0,1,1,0.04498617743151546,1.9183360186534042,1,0.0,0,0,1,1,0,0,0,0,0,0
1.0,2,0,0.15807991957778336,1.3117538610557542,0,0.0,0,0,1,0,0,1,0,0,0,0
1.0,1,1,0.4219653179190751,1.440121603187804,0,1.0,0,0,1,0,0,0,1,0,0,0
1.0,3,0,0.05755214878110078,1.3066029982011584,0,0.0,1,0,0,0,0,1,0,0,0,0
1.0,1,1,0.648152802211611,1.4983105537896004,1,1.0,0,0,1,0,1,0,0,0,0,0
0.0,2,1,0.4470972606182458,1.4586378490256493,0,0.0,0,0,1,0,0,0,1,0,0,0
0.0,3,1,0.37170143252073384,1.321530081177334,0,0.0,0,0,1,0,0,0,1,0,0,0
0.0,1,1,0.37170143252073384,1.4586378490256493,1,1.0,1,0,0,0,0,0,1,0,0,0
1.0,1,1,0.610454888162855,1.9547450350890707,1,0.0,1,0,0,0,0,0,1,0,0,0
0.0,3,1,0.37170143252073384,0.9566485792052033,0,1.0,0,0,1,0,0,0,1,0,0,0
1.0,3,1,0.35913546117114853,0.9491850103134346,0,1.0,1,0,0,0,0,0,1,0,0,0
0.0,1,1,0.8115104297562202,1.440121603187804,1,1.0,0,0,1,0,0,0,1,0,0,0
1.0,1,0,0.4345312892686604,1.7231476981549567,1,0.0,0,0,1,0,0,0,0,1,0,0
1.0,2,0,0.6230208595124404,1.0606978403536116,0,1.0,0,0,1,0,0,1,0,0,0,0
0.0,3,1,0.37170143252073384,0.9420080530223133,0,1.0,0,1,0,0,0,0,1,0,0,0
1.0,1,1,0.5978889168132697,1.440121603187804,1,1.0,0,0,1,0,0,0,1,0,0,0
0.0,3,1,0.4219653179190751,0.9566485792052033,0,1.0,0,0,1,0,0,0,1,0,0,0
0.0,1,1,0.5853229454636844,1.5965970956264601,1,1.0,0,0,1,0,0,0,1,0,0,0
0.0,2,1,0.5978889168132697,1.146128035678238,0,1.0,0,0,1,0,0,0,1,0,0,0
0.0,3,1,0.37170143252073384,0.9566485792052033,0,1.0,0,0,1,0,0,0,1,0,0,0
0.0,3,1,0.4722292033174164,0.9057958803678685,0,1.0,0,0,1,0,0,0,1,0,0,0
0.0,2,1,0.37170143252073384,0.0,0,1.0,0,0,1,0,0,0,1,0,0,0
0.0,1,1,0.6984166876099522,1.440121603187804,0,1.0,0,0,1,0,0,0,1,0,0,0
0.0,3,1,0.37170143252073384,0.9407654356312175,0,1.0,0,1,0,0,0,0,1,0,0,0
1.0,3,0,0.0041467705453631576,1.3066029982011584,0,0.0,1,0,0,0,0,1,0,0,0,0
0.0,3,1,0.37170143252073384,0.9164539485499251,0,1.0,0,0,1,0,0,0,1,0,0,0
0.0,3,1,0.4722292033174164,0.9850895069263813,0,1.0,0,0,1,0,0,0,1,0,0,0
1.0,2,0,0.4093993465694898,1.4586378490256493,0,0.0,0,0,1,0,0,0,0,1,0,0
1.0,2,0,0.2837396330736366,1.1700180900341755,1,1.0,1,0,0,0,0,0,0,1,0,0
0.0,3,0,0.2711736617240512,1.0349291104842666,0,1.0,0,0,1,0,0,1,0,0,0,0
0.0,1,1,0.37170143252073384,1.724275869600789,1,1.0,0,0,1,0,0,0,1,0,0,0
0.0,2,1,0.4219653179190751,1.3424226808222062,0,0.0,0,0,1,0,0,0,1,0,0,0
0.0,3,1,0.35913546117114853,0.9055692328119356,0,0.0,0,0,1,0,0,0,1,0,0,0
0.0,3,1,0.2711736617240512,0.9304803716769131,0,1.0,0,0,1,0,0,0,1,0,0,0
1.0,3,0,0.01985423473234481,1.1234432775313532,0,0.0,0,0,1,0,0,1,0,0,0,0
0.0,3,1,0.10781603417944208,1.6803355134145632,0,0.0,0,0,1,1,0,0,0,0,0,0
0.0,2,1,0.37170143252073384,0.0,0,1.0,0,0,1,0,0,0,1,0,0,0
0.0,3,1,0.6230208595124404,0.9566485792052033,0,1.0,0,0,1,0,0,0,1,0,0,0
1.0,3,0,0.7863784870570495,1.0247934233387634,0,1.0,0,0,1,0,0,0,0,1,0,0
1.0,1,1,0.3088715757728072,1.9641615374126258,1,0.0,1,0,0,0,0,0,1,0,0,0
0.0,3,0,0.2586076903744659,1.4226997946774695,0,0.0,0,0,1,0,0,1,0,0,0,0
1.0,1,0,0.4345312892686604,1.9590413923210936,1,0.0,0,0,1,0,0,0,0,1,0,0
0.0,1,1,0.723548630309123,1.4871383754771865,1,1.0,1,0,0,0,0,0,1,0,0,0
0.0,3,1,0.37170143252073384,0.9566485792052033,0,1.0,0,0,1,0,0,0,1,0,0,0
1.0,3,1,0.10781603417944208,1.2278867046136734,0,0.0,0,0,1,1,0,0,0,0,0,0
0.0,3,1,0.37170143252073384,1.321530081177334,0,0.0,0,0,1,0,0,0,1,0,0,0
0.0,3,1,0.2586076903744659,0.9164539485499251,0,1.0,0,0,1,0,0,0,1,0,0,0
0.0,1,1,0.685850716260367,1.4983105537896004,1,1.0,0,0,1,0,0,0,1,0,0,0
0.0,1,1,0.8869062578537321,1.703327496157813,0,1.0,1,0,0,0,0,0,1,0,0,0
0.0,3,1,0.2586076903744659,0.9566485792052033,0,1.0,0,0,1,0,0,0,1,0,0,0
0.0,3,1,0.37170143252073384,1.1891617314183722,0,1.0,1,0,0,0,0,0,1,0,0,0
1.0,1,0,0.6732847449107816,1.8990907781931157,1,0.0,1,0,0,0,0,1,0,0,0,0
0.0,3,1,0.37170143252073384,1.2068258760318498,0,1.0,0,0,1,0,0,0,1,0,0,0
0.0,1,0,0.3088715757728072,2.183412211978426,1,0.0,0,0,1,0,0,0,0,1,0,0
0.0,3,1,0.2963056044232219,0.9442753457587986,0,1.0,0,0,1,0,0,0,1,0,0,0
0.0,3,1,0.20834380497612465,0.9850895069263813,0,1.0,0,0,1,0,0,0,1,0,0,0
0.0,3,0,0.2586076903744659,0.9420080530223133,0,1.0,0,1,0,0,0,1,0,0,0,0
0.0,3,0,0.2586076903744659,0.9359705348009412,0,1.0,0,1,0,0,0,1,0,0,0,0
0.0,3,0,0.4596632319678311,1.0247934233387634,0,1.0,0,0,1,0,0,1,0,0,0,0
1.0,1,0,0.19577783362653933,1.9420080530223132,1,1.0,0,0,1,0,0,1,0,0,0,0
0.0,1,1,0.22090977632571,2.0409976924234905,1,0.0,1,0,0,0,0,0,1,0,0,0
1.0,2,0,0.4093993465694898,1.4313637641589874,0,0.0,0,0,1,0,0,0,0,1,0,0
1.0,1,1,0.37170143252073384,1.440121603187804,0,1.0,0,0,1,0,0,0,1,0,0,0
0.0,3,1,0.34656948982156316,1.3715296320992945,0,1.0,0,0,1,0,0,0,1,0,0,0
1.0,3,1,0.32143754712239253,1.75963612115147,0,1.0,0,0,1,0,0,0,1,0,0,0
1.0,3,1,0.35913546117114853,0.9420080530223133,0,1.0,0,1,0,0,0,0,1,0,0,0
0.0,3,1,0.37170143252073384,0.9566485792052033,0,1.0,0,0,1,0,0,0,1,0,0,0
1.0,1,1,0.4470972606182458,1.4359637487171957,1,1.0,0,0,1,0,0,0,1,0,0,0
1.0,1,0,0.6732847449107816,1.7810369386211318,0,0.0,1,0,0,0,0,0,0,1,0,0
0.0,3,1,0.2963056044232219,0.9292042801123058,0,1.0,0,0,1,0,0,0,1,0,0,0
0.0,1,1,0.5853229454636844,1.544326062695947,1,1.0,0,0,1,0,0,0,1,0,0,0
1.0,2,0,0.4219653179190751,1.0606978403536116,1,1.0,0,0,1,0,0,0,0,1,0,0
0.0,3,1,0.37170143252073384,1.400537989391946,0,1.0,0,1,0,0,0,0,1,0,0,0
1.0,2,0,0.4470972606182458,1.4313637641589874,0,0.0,0,0,1,0,0,0,0,1,0,0
0.0,3,1,0.39683337521990447,0.9491850103134346,0,1.0,0,0,1,0,0,0,1,0,0,0
1.0,1,0,0.37170143252073384,1.975431808509263,1,1.0,0,0,1,0,0,1,0,0,0,0
0.0,3,1,0.2711736617240512,0.9491850103134346,0,1.0,0,0,1,0,0,0,1,0,0,0
0.0,3,1,0.37170143252073384,0.9151359066220119,0,1.0,1,0,0,0,0,0,1,0,0,0
1.0,1,0,0.5476250314149284,1.770698877440231,1,0.0,1,0,0,0,0,0,0,1,0,0
0.0,3,1,0.37170143252073384,0.9153576174148317,0,1.0,1,0,0,0,0,0,1,0,0,0
0.0,3,1,0.5036441316913798,0.9420080530223133,0,1.0,0,1,0,0,0,0,1,0,0,0
1.0,2,0,0.6230208595124404,1.0606978403536116,0,1.0,0,0,1,0,0,1,0,0,0,0
0.0,1,1,0.37170143252073384,2.347874640061327,1,1.0,0,0,1,0,0,0,1,0,0,0
0.0,3,1,0.4847951746670017,0.9506082247842308,0,1.0,0,0,1,0,0,0,1,0,0,0
0.0,2,1,0.2837396330736366,1.0969100130080565,0,0.0,0,0,1,0,0,0,1,0,0,0
1.0,2,0,0.01985423473234481,1.4313637641589874,0,0.0,0,0,1,0,0,1,0,0,0,0
0.0,3,1,0.37170143252073384,0.9153576174148317,0,1.0,1,0,0,0,0,0,1,0,0,0
0.0,3,1,0.20834380497612465,0.9153576174148317,0,0.0,1,0,0,0,0,0,1,0,0,0
1.0,3,0,0.4345312892686604,1.3684412319555557,0,0.0,1,0,0,0,0,0,0,1,0,0
0.0,3,0,0.37170143252073384,0.9850895069263813,0,1.0,0,0,1,0,0,1,0,0,0,0
1.0,2,0,0.08268409148027142,1.4353665066126613,0,0.0,0,0,1,0,0,1,0,0,0,0
0.0,1,1,0.5601910027645137,1.440121603187804,1,1.0,0,0,1,0,1,0,0,0,0,0
1.0,1,0,0.37170143252073384,2.031105362355941,0,1.0,1,0,0,0,0,1,0,0,0,0
0.0,3,1,0.37170143252073384,1.1903316981702914,0,1.0,0,0,1,0,0,0,1,0,0,0
1.0,1,0,0.2711736617240512,1.7032913781186614,1,0.0,1,0,0,0,0,1,0,0,0,0
1.0,1,0,0.4470972606182458,1.8573324964312685,1,0.0,0,0,1,0,0,1,0,0,0,0
0.0,3,0,0.10781603417944208,1.5088662509384578,0,0.0,0,0,1,0,0,1,0,0,0,0
0.0,3,0,0.1329479768786127,1.5088662509384578,0,0.0,0,0,1,0,0,1,0,0,0,0
1.0,2,1,0.39683337521990447,1.4313637641589874,0,0.0,0,0,1,0,0,0,1,0,0,0
0.0,1,1,0.6230208595124404,2.031105362355941,1,0.0,1,0,0,0,0,0,1,0,0,0
0.0,1,1,0.7989444584066349,1.4313637641589874,0,1.0,0,0,1,0,0,0,1,0,0,0
1.0,2,0,0.2334757476752953,1.4313637641589874,0,0.0,0,0,1,0,0,0,0,1,0,0
1.0,2,1,0.37170143252073384,1.172091867626748,0,1.0,1,0,0,0,0,0,1,0,0,0
0.0,3,1,0.4093993465694898,1.3329431601256923,0,0.0,0,0,1,0,0,0,1,0,0,0
1.0,2,1,0.09525006282985675,1.576916955965207,0,0.0,0,0,1,1,0,0,0,0,0,0
1.0,1,1,0.20834380497612465,2.048765267412167,1,0.0,1,0,0,0,0,0,1,0,0,0
0.0,2,1,0.33400351847197784,1.4313637641589874,0,1.0,0,0,1,0,0,0,1,0,0,0
0.0,3,1,0.37170143252073384,0.9459213546166009,0,1.0,0,1,0,0,0,0,1,0,0,0
1.0,3,1,0.2711736617240512,0.9151359066220119,0,1.0,1,0,0,0,0,0,1,0,0,0
1.0,3,0,0.2711736617240512,0.9432471251378617,0,1.0,0,0,1,0,0,1,0,0,0,0
0.0,1,1,0.7738125157074642,1.440121603187804,0,1.0,0,0,1,0,0,0,1,0,0,0
1.0,1,0,0.5978889168132697,1.608526033577194,1,0.0,1,0,0,0,0,0,0,0,0,1
0.0,1,1,0.37170143252073384,2.3589337176143736,0,1.0,1,0,0,0,0,0,1,0,0,0
1.0,1,0,0.4847951746670017,1.9066043717249803,1,0.0,0,0,1,0,0,0,0,1,0,0
1.0,3,0,0.4470972606182458,1.2648178230095364,0,0.0,0,0,1,0,0,0,0,1,0,0
0.0,3,1,0.37170143252073384,0.9420080530223133,0,1.0,0,1,0,0,0,0,1,0,0,0
0.0,3,1,0.49736114601658704,0.9491850103134346,0,1.0,0,0,1,0,0,0,1,0,0,0
0.0,2,1,0.34656948982156316,1.1613680022349748,0,1.0,0,0,1,0,0,0,1,0,0,0
0.0,3,1,0.37170143252073384,0.9566485792052033,0,1.0,0,0,1,0,0,0,1,0,0,0
0.0,3,0,0.2586076903744659,0.9566485792052033,0,1.0,0,0,1,0,0,1,0,0,0,0
0.0,3,1,0.2963056044232219,1.400537989391946,0,0.0,0,0,1,0,0,0,1,0,0,0
0.0,3,1,0.2334757476752953,0.9491850103134346,0,1.0,0,0,1,0,0,0,1,0,0,0
0.0,3,0,0.35913546117114853,1.3439007122496063,0,0.0,0,0,1,0,0,0,0,1,0,0
0.0,3,1,0.37170143252073384,0.9153576174148317,0,1.0,1,0,0,0,0,0,1,0,0,0
1.0,3,1,0.39683337521990447,0.9471493276626374,0,1.0,0,0,1,0,0,0,1,0,0,0
1.0,2,1,0.7738125157074642,1.0606978403536116,0,1.0,0,0,1,0,0,0,1,0,0,0
1.0,1,0,0.6607187735611963,1.7199872059744314,1,0.0,0,0,1,0,0,0,0,1,0,0
1.0,1,1,0.4470972606182458,1.4375523905687617,1,1.0,0,0,1,0,0,0,1,0,0,0
1.0,3,0,0.2586076903744659,0.9420080530223133,0,1.0,0,1,0,0,0,1,0,0,0,0
0.0,3,1,0.19577783362653933,0.9566485792052033,0,1.0,0,0,1,0,0,0,1,0,0,0
0.0,3,1,0.2334757476752953,1.1903316981702914,0,1.0,0,0,1,0,0,0,1,0,0,0
1.0,2,0,0.4219653179190751,1.146128035678238,0,1.0,0,0,1,0,0,1,0,0,0,0
1.0,1,0,0.4847951746670017,1.7551122663950711,1,0.0,0,0,1,0,0,0,0,1,0,0
0.0,3,0,0.4345312892686604,1.1891617314183722,0,0.0,1,0,0,0,0,0,0,1,0,0
1.0,3,1,0.39683337521990447,0.9506082247842308,0,1.0,0,0,1,0,0,0,1,0,0,0
1.0,2,0,0.3088715757728072,1.4913616938342726,0,0.0,0,0,1,0,0,1,0,0,0,0
1.0,1,0,0.4847951746670017,2.048765267412167,1,0.0,1,0,0,0,0,0,0,1,0,0
0.0,2,1,0.6732847449107816,1.4313637641589874,0,1.0,0,0,1,0,0,0,1,0,0,0
0.0,1,1,0.4470972606182458,1.6141059109580307,1,1.0,1,0,0,0,0,0,1,0,0,0
0.0,3,1,0.37170143252073384,0.9873310318089707,0,1.0,1,0,0,0,0,0,1,0,0,0
1.0,1,0,0.22090977632571,1.9066043717249803,1,0.0,0,0,1,0,0,1,0,0,0,0
0.0,2,1,0.5853229454636844,1.2041199826559248,0,1.0,0,0,1,0,0,0,1,0,0,0
1.0,1,1,0.7486805730082936,1.9041743682841634,1,0.0,1,0,0,0,0,0,1,0,0,0
0.0,3,1,0.2711736617240512,0.9566485792052033,0,1.0,0,0,1,0,0,0,1,0,0,0
0.0,3,1,0.37170143252073384,0.9566485792052033,0,1.0,0,0,1,0,0,0,1,0,0,0
0.0,3,1,0.4345312892686604,0.909823369650912,0,1.0,0,0,1,0,0,0,1,0,0,0
1.0,1,0,0.648152802211611,1.8990907781931157,1,0.0,1,0,0,0,0,0,0,1,0,0
0.0,3,1,0.5853229454636844,0.9164539485499251,0,1.0,0,0,1,0,0,0,1,0,0,0
0.0,3,0,0.2586076903744659,0.9420080530223133,0,0.0,0,1,0,0,0,1,0,0,0,0
0.0,2,1,0.4596632319678311,1.4313637641589874,0,0.0,0,0,1,0,0,0,1,0,0,0
0.0,3,1,0.4470972606182458,1.400537989391946,0,0.0,0,0,1,0,0,0,1,0,0,0
1.0,2,0,0.2586076903744659,1.5314789170422551,0,1.0,0,0,1,0,0,1,0,0,0,0
0.0,3,1,0.610454888162855,0.0,0,1.0,0,0,1,0,0,0,1,0,0,0
0.0,3,1,0.37170143252073384,0.9151359066220119,0,1.0,1,0,0,0,0,0,1,0,0,0
1.0,1,1,0.610454888162855,1.7628975309505581,1,0.0,1,0,0,0,0,0,0,0,0,1
1.0,2,0,0.2963056044232219,1.4471580313422192,0,0.0,0,0,1,0,0,0,0,1,0,0
0.0,3,1,0.37170143252073384,0.9491850103134346,0,1.0,0,0,1,0,0,0,1,0,0,0
0.0,1,1,0.37170143252073384,1.6374897295125106,0,1.0,0,0,1,0,0,0,1,0,0,0
0.0,3,1,0.5476250314149284,0.9566485792052033,0,1.0,0,0,1,0,0,0,1,0,0,0
1.0,1,1,0.4345312892686604,1.440121603187804,0,1.0,1,0,0,0,0,0,1,0,0,0
0.0,3,1,0.4470972606182458,1.2187979981117376,0,0.0,0,0,1,0,0,0,1,0,0,0
0.0,3,1,0.37170143252073384,0.9491850103134346,0,1.0,0,0,1,0,0,0,1,0,0,0
1.0,1,1,0.33400351847197784,1.4983105537896004,0,1.0,0,0,1,0,0,0,1,0,0,0
1.0,2,0,0.2711736617240512,1.6291974974299364,0,0.0,1,0,0,0,0,0,0,1,0,0
1.0,1,0,0.49736114601658704,2.1888230596841365,1,1.0,0,0,1,0,0,1,0,0,0,0
0.0,3,0,0.4847951746670017,1.5088662509384578,0,0.0,0,0,1,0,0,0,0,1,0,0
0.0,3,1,0.37170143252073384,0.9057958803678685,0,1.0,0,0,1,0,0,0,1,0,0,0
1.0,3,0,0.2586076903744659,1.2174839442139063,0,0.0,0,1,0,0,0,1,0,0,0,0
0.0,3,1,0.37170143252073384,0.9420080530223133,0,1.0,0,1,0,0,0,0,1,0,0,0
0.0,3,1,0.4345312892686604,0.9566485792052033,0,1.0,0,0,1,0,0,0,1,0,0,0
1.0,2,0,0.2963056044232219,1.8195439355418688,0,0.0,0,0,1,0,0,1,0,0,0,0
0.0,3,1,0.4219653179190751,1.187520720836463,0,0.0,0,0,1,0,0,0,1,0,0,0
0.0,3,0,0.32143754712239253,1.2329961103921538,0,0.0,0,0,1,0,0,0,0,1,0,0
1.0,2,0,0.04498617743151546,1.6020599913279623,1,0.0,0,0,1,0,0,1,0,0,0,0
0.0,2,1,0.32143754712239253,1.0606978403536116,0,1.0,0,0,1,0,0,0,1,0,0,0
0.0,3,1,0.33400351847197784,1.1890465283525415,0,0.0,1,0,0,0,0,0,1,0,0,0
1.0,1,1,0.5224930887157577,1.7287935361444735,1,0.0,0,0,1,0,0,0,1,0,0,0
1.0,3,1,0.24604171902488062,1.2237995553975871,0,0.0,1,0,0,0,0,0,1,0,0,0
0.0,3,1,0.2586076903744659,0.9471493276626374,0,1.0,0,0,1,0,0,0,1,0,0,0
0.0,3,1,0.2586076903744659,1.2329961103921538,0,1.0,0,0,1,0,0,0,1,0,0,0
0.0,1,1,0.7612465443578789,1.5227154198480362,1,1.0,0,0,1,0,0,0,1,0,0,0
0.0,2,1,0.7109826589595376,1.125481265700594,0,1.0,0,1,0,0,0,0,0,0,1,0
1.0,1,0,0.2586076903744659,1.8973977892491294,1,1.0,0,0,1,0,0,1,0,0,0,0
0.0,3,1,0.32143754712239253,0.9491850103134346,0,1.0,0,0,1,0,0,0,1,0,0,0
0.0,3,1,0.37170143252073384,0.9411783789843933,0,1.0,0,1,0,0,0,0,1,0,0,0
1.0,1,1,1.0,1.4913616938342726,1,1.0,0,0,1,0,0,0,1,0,0,0
0.0,3,1,0.6355868308620256,0.9060224097037373,0,1.0,0,0,1,0,0,0,1,0,0,0
1.0,1,1,0.39683337521990447,1.4983105537896004,1,1.0,1,0,0,0,0,0,0,0,1,0
0.0,1,1,0.37170143252073384,0.0,0,1.0,0,0,1,0,0,0,1,0,0,0
0.0,3,0,0.10781603417944208,1.4608978427565478,0,0.0,0,0,1,0,0,1,0,0,0,0
1.0,2,0,0.34656948982156316,1.146128035678238,0,1.0,0,0,1,0,0,1,0,0,0,0
0.0,3,1,0.39683337521990447,0.9506082247842308,0,1.0,0,0,1,0,0,0,1,0,0,0
0.0,2,1,0.38426740387031916,1.4353665066126613,0,0.0,0,0,1,0,0,0,1,0,0,0
0.0,3,0,0.5099271173661725,1.6094610059122672,0,0.0,0,0,1,0,0,0,0,1,0,0
0.0,3,1,0.37170143252073384,1.2329961103921538,0,0.0,0,0,1,0,0,0,1,0,0,0
0.0,3,1,0.24604171902488062,0.9471493276626374,0,1.0,0,0,1,0,0,0,1,0,0,0
1.0,1,0,0.2963056044232219,1.8469553250198238,1,1.0,1,0,0,0,0,1,0,0,0,0
0.0,3,0,0.01985423473234481,1.4608978427565478,0,0.0,0,0,1,0,0,1,0,0,0,0
1.0,3,1,0.37170143252073384,1.75963612115147,0,1.0,0,0,1,0,0,0,1,0,0,0
1.0,3,0,0.0041467705453631576,1.3066029982011584,0,0.0,1,0,0,0,0,1,0,0,0,0
1.0,1,1,0.5978889168132697,1.8905841979078102,1,0.0,1,0,0,0,0,0,1,0,0,0
0.0,3,1,0.2334757476752953,0.9491850103134346,0,1.0,0,0,1,0,0,0,1,0,0,0
1.0,1,1,0.6984166876099522,1.5622928644564746,1,1.0,1,0,0,0,1,0,0,0,0,0
0.0,3,1,0.37170143252073384,0.9319661147281727,0,1.0,0,0,1,0,0,0,1,0,0,0
1.0,3,0,0.2837396330736366,0.9319661147281727,0,1.0,0,0,1,0,0,1,0,0,0,0
0.0,3,1,0.37170143252073384,0.9491850103134346,0,1.0,0,0,1,0,0,0,1,0,0,0
1.0,2,0,0.22090977632571,1.380211241711606,0,0.0,0,0,1,0,0,1,0,0,0,0
0.0,3,1,0.2586076903744659,0.9746636461924397,0,1.0,0,0,1,0,0,0,1,0,0,0
1.0,3,0,0.2586076903744659,0.9459213546166009,0,1.0,0,1,0,0,0,1,0,0,0,0
0.0,3,0,0.22090977632571,0.8893017025063102,0,1.0,0,1,0,0,0,1,0,0,0,0
0.0,2,1,0.2963056044232219,1.8721562727482928,0,0.0,0,0,1,0,0,0,1,0,0,0
0.0,3,1,0.37170143252073384,0.9491850103134346,0,1.0,0,0,1,0,0,0,1,0,0,0
0.0,3,0,0.39683337521990447,1.2174839442139063,0,0.0,0,1,0,0,0,0,0,1,0,0
0.0,2,1,0.2837396330736366,1.146128035678238,0,1.0,0,0,1,0,0,0,1,0,0,0
0.0,1,1,0.723548630309123,2.0579512299613683,1,0.0,1,0,0,0,0,0,1,0,0,0
1.0,1,1,0.6230208595124404,2.1292063577475293,0,0.0,0,0,1,0,0,0,0,0,1,0
0.0,3,1,0.49736114601658704,0.9151359066220119,0,1.0,1,0,0,0,0,0,1,0,0,0
0.0,1,1,0.5853229454636844,1.4246775029107854,1,1.0,0,0,1,0,0,0,1,0,0,0
0.0,3,1,0.4470972606182458,0.9292042801123058,0,1.0,0,0,1,0,0,0,1,0,0,0
1.0,3,1,0.24604171902488062,0.9506082247842308,0,0.0,0,0,1,0,0,0,1,0,0,0
0.0,2,1,0.39683337521990447,1.8721562727482928,0,0.0,0,0,1,0,0,0,1,0,0,0
0.0,2,1,0.3088715757728072,1.146128035678238,0,1.0,0,0,1,0,0,0,1,0,0,0
0.0,3,1,0.37170143252073384,0.9432471251378617,0,1.0,0,0,1,0,0,0,1,0,0,0
0.0,3,1,0.5350590600653431,0.9566485792052033,0,1.0,0,0,1,0,0,0,1,0,0,0
1.0,1,0,0.4345312892686604,1.724275869600789,1,0.0,0,0,1,0,0,0,0,1,0,0
1.0,2,0,0.49736114601658704,1.6020599913279623,0,0.0,0,0,1,0,0,0,0,1,0,0
0.0,1,1,0.38426740387031916,1.724275869600789,1,0.0,0,0,1,0,0,0,1,0,0,0
0.0,2,1,0.8743402865041467,1.0606978403536116,0,1.0,0,0,1,0,0,0,1,0,0,0
1.0,2,1,0.38426740387031916,1.146128035678238,0,1.0,0,0,1,0,0,0,1,0,0,0
0.0,2,1,0.37170143252073384,0.0,0,1.0,0,0,1,0,0,0,1,0,0,0
0.0,3,1,0.22090977632571,0.9432471251378617,0,1.0,0,0,1,0,0,0,1,0,0,0
0.0,3,1,0.30258859009801453,0.9566485792052033,0,1.0,0,0,1,0,0,0,1,0,0,0
1.0,3,0,0.22090977632571,1.0350973857754964,0,1.0,0,0,1,0,0,1,0,0,0,0
0.0,3,0,0.5350590600653431,1.6803355134145632,0,0.0,0,0,1,0,0,0,0,1,0,0
1.0,1,1,0.4470972606182458,2.7103959691861146,1,0.0,1,0,0,0,0,0,1,0,0,0
0.0,3,0,0.2586076903744659,0.9608273899659169,0,1.0,0,1,0,0,0,1,0,0,0,0
1.0,1,1,0.33400351847197784,1.8905841979078102,1,1.0,1,0,0,0,0,0,1,0,0,0
0.0,3,1,0.24604171902488062,1.0096633166793794,0,1.0,0,0,1,0,0,0,1,0,0,0
0.0,3,1,0.17064589092736868,1.6803355134145632,0,0.0,0,0,1,0,0,0,1,0,0,0
0.0,2,1,0.7486805730082936,1.6020599913279623,0,0.0,0,0,1,0,0,0,1,0,0,0
0.0,2,1,0.3088715757728072,1.6291974974299364,0,0.0,1,0,0,0,0,0,1,0,0,0
0.0,3,1,0.17064589092736868,1.6094610059122672,0,0.0,0,0,1,0,0,0,1,0,0,0
0.0,3,1,0.2334757476752953,1.048084276351453,0,1.0,0,0,1,0,0,0,1,0,0,0
0.0,3,1,0.22090977632571,0.9442753457587986,0,1.0,0,0,1,0,0,0,1,0,0,0
1.0,1,0,0.18321186227695402,2.327026699794276,1,0.0,0,0,1,0,0,1,0,0,0,0
1.0,1,1,0.38426740387031916,1.7634279935629373,1,0.0,0,0,1,0,0,0,1,0,0,0
1.0,3,0,0.04498617743151546,1.1588658612291007,0,0.0,1,0,0,0,0,1,0,0,0,0
1.0,3,1,0.37170143252073384,1.75963612115147,0,1.0,0,0,1,0,0,0,1,0,0,0
0.0,3,1,0.3088715757728072,0.9151359066220119,0,1.0,1,0,0,0,0,0,1,0,0,0
0.0,1,1,0.7486805730082936,1.440121603187804,0,1.0,0,0,1,0,1,0,0,0,0,0
0.0,2,1,0.648152802211611,1.1613680022349748,0,1.0,0,0,1,0,0,0,1,0,0,0
0.0,3,1,0.5476250314149284,0.9566485792052033,0,1.0,0,0,1,0,0,0,1,0,0,0
1.0,3,0,0.2586076903744659,0.9411783789843933,0,1.0,0,1,0,0,0,1,0,0,0,0
0.0,1,1,0.610454888162855,2.048765267412167,1,0.0,1,0,0,0,0,0,1,0,0,0
0.0,3,1,0.5224930887157577,0.9370161074648142,1,1.0,0,0,1,0,0,0,1,0,0,0
1.0,1,0,0.22090977632571,2.3589337176143736,1,0.0,1,0,0,0,0,0,0,1,0,0
1.0,1,1,0.4345312892686604,1.4359637487171957,1,1.0,0,0,1,0,0,0,1,0,0,0
0.0,3,0,0.22090977632571,1.1890465283525415,0,0.0,1,0,0,0,0,1,0,0,0,0
0.0,3,1,0.3088715757728072,0.9415958981751185,0,1.0,0,1,0,0,0,0,1,0,0,0
0.0,3,1,0.32143754712239253,0.9471493276626374,0,0.0,0,0,1,0,0,0,1,0,0,0
0.0,2,1,0.4847951746670017,1.4313637641589874,0,1.0,0,0,1,0,0,0,1,0,0,0
1.0,2,0,0.5601910027645137,1.1613680022349748,0,1.0,0,0,1,0,0,0,0,1,0,0
1.0,1,1,0.5224930887157577,1.4359637487171957,1,1.0,0,0,1,0,0,0,1,0,0,0
1.0,1,0,0.2711736617240512,2.183412211978426,0,1.0,0,0,1,0,0,1,0,0,0,0
1.0,3,1,0.03870319175672279,1.2107411023865056,0,0.0,1,0,0,1,0,0,0,0,0,0
1.0,1,0,0.2963056044232219,1.703327496157813,1,1.0,1,0,0,0,0,1,0,0,0,0
0.0,1,1,0.37170143252073384,1.440121603187804,1,1.0,0,0,1,0,0,0,1,0,0,0
1.0,1,1,0.5978889168132697,1.724275869600789,1,0.0,0,0,1,0,0,0,1,0,0,0
0.0,3,1,0.35913546117114853,1.020498014154877,0,1.0,0,0,1,0,0,0,1,0,0,0
0.0,2,1,0.648152802211611,1.146128035678238,0,1.0,0,0,1,0,0,0,1,0,0,0
0.0,3,1,0.2334757476752953,0.9370161074648142,1,1.0,0,0,1,0,0,0,1,0,0,0
1.0,1,0,0.4722292033174164,2.3589337176143736,1,1.0,1,0,0,0,0,1,0,0,0,0
1.0,2,0,0.33400351847197784,1.0606978403536116,1,1.0,0,0,1,0,0,1,0,0,0,0
0.0,3,1,0.37170143252073384,1.2174839442139063,0,1.0,0,1,0,0,0,0,1,0,0,0
0.0,3,1,0.4093993465694898,0.9432471251378617,0,1.0,0,0,1,0,0,0,1,0,0,0
1.0,2,0,0.0701181201306861,1.5314789170422551,0,0.0,0,0,1,0,0,1,0,0,0,0
0.0,3,1,0.20834380497612465,0.9060224097037373,0,0.0,0,0,1,0,0,0,1,0,0,0
0.0,2,1,0.4219653179190751,1.146128035678238,0,1.0,0,0,1,0,0,0,1,0,0,0
0.0,2,1,0.6230208595124404,1.146128035678238,0,1.0,0,0,1,0,0,0,1,0,0,0
1.0,1,1,0.33400351847197784,1.7331972651065695,1,0.0,0,0,1,0,0,0,1,0,0,0
0.0,3,1,0.24604171902488062,0.9850895069263813,0,1.0,0,0,1,0,0,0,1,0,0,0
1.0,2,0,0.37170143252073384,1.3424226808222062,0,0.0,0,0,1,0,0,0,0,1,0,0
1.0,3,0,0.2586076903744659,0.9413871887537378,0,1.0,0,1,0,0,0,1,0,0,0,0
0.0,2,1,0.3088715757728072,1.4313637641589874,0,0.0,0,0,1,0,0,0,1,0,0,0
0.0,3,0,0.3088715757728072,0.9506082247842308,0,0.0,0,0,1,0,0,1,0,0,0,0
1.0,1,0,0.35913546117114853,2.327026699794276,1,1.0,0,0,1,0,0,1,0,0,0,0
0.0,3,1,0.1329479768786127,1.2963909278704124,0,1.0,1,0,0,0,0,0,1,0,0,0
0.0,2,1,0.37170143252073384,0.0,0,1.0,0,0,1,0,0,0,1,0,0,0
0.0,2,1,0.2837396330736366,1.146128035678238,0,1.0,0,0,1,0,0,0,1,0,0,0
0.0,2,1,0.2837396330736366,1.146128035678238,0,1.0,0,0,1,0,0,0,1,0,0,0
0.0,3,1,0.35285247549635584,1.2329961103921538,0,1.0,0,0,1,0,0,0,1,0,0,0
0.0,3,0,0.5978889168132697,1.5486964485323467,0,0.0,0,0,1,0,0,0,0,1,0,0
1.0,1,1,0.4345312892686604,2.7103959691861146,1,1.0,1,0,0,0,0,0,1,0,0,0
0.0,3,1,0.37170143252073384,0.9491850103134346,0,1.0,0,0,1,0,0,0,1,0,0,0
0.0,3,1,0.37170143252073384,0.9491850103134346,0,1.0,0,0,1,0,0,0,1,0,0,0
1.0,1,1,0.37170143252073384,1.4913616938342726,1,1.0,0,0,1,0,0,0,1,0,0,0
0.0,1,1,0.4470972606182458,1.9022749204745018,1,0.0,0,0,1,0,0,0,1,0,0,0
1.0,1,0,0.2586076903744659,2.4205745486161567,1,0.0,1,0,0,0,0,1,0,0,0,0
0.0,3,1,0.2963056044232219,1.2329961103921538,0,0.0,0,0,1,0,0,0,1,0,0,0
1.0,3,1,0.38426740387031916,0.9506082247842308,0,1.0,0,0,1,0,0,0,1,0,0,0
0.0,1,1,0.8743402865041467,1.8573324964312685,1,0.0,0,0,1,0,1,0,0,0,0,0
0.0,3,1,0.19577783362653933,1.3273589343863303,0,0.0,0,0,1,0,0,0,1,0,0,0
1.0,2,0,0.37170143252073384,1.146128035678238,0,1.0,0,0,1,0,0,1,0,0,0,0
0.0,1,1,0.2334757476752953,1.7331972651065695,1,0.0,0,0,1,0,0,0,1,0,0,0
0.0,3,1,0.38426740387031916,0.9420080530223133,0,1.0,0,1,0,0,0,0,1,0,0,0
1.0,2,0,0.04498617743151546,1.380211241711606,0,0.0,0,0,1,0,0,1,0,0,0,0
1.0,3,1,0.0701181201306861,1.1295287738587763,1,0.0,0,0,1,1,0,0,0,0,0,0
0.0,3,1,0.4093993465694898,1.021189299069938,0,1.0,0,0,1,0,0,0,1,0,0,0
0.0,3,1,0.2837396330736366,0.9491850103134346,0,1.0,0,0,1,0,0,0,1,0,0,0
1.0,2,0,0.5978889168132697,1.8195439355418688,0,0.0,0,0,1,0,0,0,0,1,0,0
1.0,2,1,0.003141492837396331,1.1903316981702914,0,0.0,0,0,1,1,0,0,0,0,0,0
0.0,3,1,0.34656948982156316,0.9442753457587986,0,1.0,0,0,1,0,0,0,1,0,0,0
0.0,2,1,0.22090977632571,1.0969100130080565,0,1.0,0,0,1,0,0,0,1,0,0,0
0.0,3,1,0.4219653179190751,0.9566485792052033,0,1.0,0,0,1,0,0,0,1,0,0,0
1.0,1,0,0.4093993465694898,1.9420080530223132,1,1.0,0,0,1,0,0,0,0,0,0,1
0.0,3,1,0.37170143252073384,1.1903316981702914,0,1.0,0,0,1,0,0,0,1,0,0,0
0.0,3,1,0.5099271173661725,0.909823369650912,0,1.0,0,0,1,0,0,0,1,0,0,0
1.0,3,1,0.24604171902488062,0.9153576174148317,0,1.0,1,0,0,0,0,0,1,0,0,0
1.0,1,0,0.4470972606182458,2.0827853703164503,1,0.0,0,0,1,0,0,0,0,1,0,0
0.0,3,1,0.19577783362653933,0.9432471251378617,0,1.0,0,0,1,0,0,0,1,0,0,0
1.0,1,0,0.6355868308620256,1.8973977892491294,1,0.0,0,0,1,0,0,0,0,1,0,0
0.0,1,1,0.5350590600653431,1.608526033577194,0,1.0,1,0,0,0,0,0,0,0,1,0
0.0,3,0,0.3779844181955265,0.9420080530223133,0,1.0,0,1,0,0,0,1,0,0,0,0
0.0,3,1,0.37170143252073384,1.400537989391946,0,0.0,0,1,0,0,0,0,1,0,0,0
0.0,3,1,0.39683337521990447,0.9713918307075229,0,1.0,0,0,1,0,0,0,1,0,0,0
0.0,3,1,0.2963056044232219,1.021189299069938,0,1.0,0,0,1,0,0,0,1,0,0,0
0.0,3,1,0.5978889168132697,0.9471493276626374,0,1.0,0,0,1,0,0,0,1,0,0,0
0.0,2,0,0.7109826589595376,1.0606978403536116,1,1.0,0,0,1,0,0,0,0,1,0,0
0.0,3,1,0.37170143252073384,0.9151359066220119,0,1.0,1,0,0,0,0,0,1,0,0,0
1.0,2,0,0.6732847449107816,1.380211241711606,0,0.0,0,0,1,0,0,0,0,1,0,0
0.0,3,1,0.22090977632571,0.9420080530223133,0,1.0,0,0,1,0,0,0,1,0,0,0
0.0,3,1,0.37170143252073384,0.9420080530223133,1,1.0,0,1,0,0,0,0,1,0,0,0
1.0,3,0,0.05755214878110078,1.1295287738587763,0,1.0,0,0,1,0,0,1,0,0,0,0
0.0,3,1,0.37170143252073384,0.9413871887537378,0,1.0,0,1,0,0,0,0,1,0,0,0
1.0,1,0,0.5350590600653431,2.327026699794276,1,0.0,0,0,1,0,0,0,0,1,0,0
1.0,3,0,0.15807991957778336,0.9153576174148317,0,1.0,1,0,0,0,0,1,0,0,0,0
1.0,1,0,0.20834380497612465,1.7634279935629373,1,0.0,0,0,1,0,0,0,0,1,0,0
0.0,1,1,0.35913546117114853,1.4913616938342726,1,1.0,0,0,1,0,0,0,1,0,0,0
0.0,3,1,0.37170143252073384,1.388278863459639,0,0.0,0,0,1,0,0,0,1,0,0,0
0.0,3,1,0.3088715757728072,0.9057958803678685,0,1.0,0,0,1,0,0,0,1,0,0,0
0.0,3,1,0.3088715757728072,0.9164539485499251,0,1.0,0,0,1,0,0,0,1,0,0,0
1.0,3,0,0.22090977632571,0.9292042801123058,0,1.0,0,0,1,0,0,1,0,0,0,0
0.0,3,1,0.09525006282985675,1.4789270555829248,0,0.0,0,1,0,1,0,0,0,0,0,0
1.0,3,1,0.007288263382759488,1.3339508043872472,0,0.0,0,0,1,1,0,0,0,0,0,0
0.0,1,1,0.5727569741140991,1.9041743682841634,1,1.0,1,0,0,0,0,0,1,0,0,0
0.0,3,1,0.37170143252073384,0.9420080530223133,0,1.0,0,1,0,0,0,0,1,0,0,0
0.0,2,1,0.19577783362653933,1.4313637641589874,0,1.0,0,0,1,0,0,0,1,0,0,0
0.0,3,0,0.2586076903744659,1.8484970180903666,0,0.0,0,0,1,0,0,1,0,0,0,0
0.0,1,1,0.37170143252073384,1.5010017178117605,0,1.0,1,0,0,0,0,0,1,0,0,0
0.0,3,1,0.3088715757728072,0.9491850103134346,0,1.0,0,0,1,0,0,0,1,0,0,0
0.0,2,1,0.4847951746670017,1.146128035678238,0,1.0,0,0,1,0,0,0,1,0,0,0
1.0,1,0,0.610454888162855,1.4302234517870693,1,1.0,0,0,1,0,0,0,0,0,1,0
1.0,3,0,0.38426740387031916,0.9860233870145032,0,1.0,0,0,1,0,0,0,0,1,0,0
0.0,3,1,0.37170143252073384,0.9153576174148317,0,1.0,1,0,0,0,0,0,1,0,0,0
0.0,3,0,0.37170143252073384,1.400537989391946,0,0.0,0,0,1,0,0,0,0,1,0,0
0.0,2,1,0.4219653179190751,1.146128035678238,0,1.0,0,0,1,0,0,0,1,0,0,0
1.0,2,0,0.38426740387031916,1.4353665066126613,0,0.0,0,0,1,0,0,0,0,1,0,0
1.0,1,1,0.1329479768786127,2.0827853703164503,1,0.0,0,0,1,1,0,0,0,0,0,0
1.0,3,1,0.0,0.9784863790311057,0,0.0,1,0,0,1,0,0,0,0,0,0
1.0,3,1,0.33400351847197784,0.9017306917292187,0,1.0,0,0,1,0,0,0,1,0,0,0
0.0,3,1,0.38426740387031916,0.9432471251378617,0,1.0,0,0,1,0,0,0,1,0,0,0
0.0,1,1,0.4847951746670017,0.0,1,1.0,0,0,1,0,0,0,1,0,0,0
0.0,3,0,0.22090977632571,0.9432471251378617,0,1.0,0,0,1,0,0,1,0,0,0,0
0.0,2,1,0.4847951746670017,1.146128035678238,0,1.0,0,0,1,0,0,0,1,0,0,0
1.0,1,0,0.4093993465694898,1.7331972651065695,1,0.0,0,0,1,0,0,0,0,1,0,0
0.0,3,1,0.32143754712239253,0.9487796137378227,0,1.0,0,0,1,0,0,0,1,0,0,0
0.0,3,1,0.4847951746670017,1.400537989391946,0,1.0,0,0,1,0,0,0,1,0,0,0
0.0,2,1,0.4345312892686604,1.0606978403536116,0,1.0,0,0,1,0,0,0,1,0,0,0
0.0,3,0,0.0701181201306861,1.5088662509384578,0,0.0,0,0,1,0,0,1,0,0,0,0
0.0,3,1,0.3779844181955265,0.9566485792052033,0,1.0,0,0,1,0,0,0,1,0,0,0
0.0,1,1,0.37170143252073384,0.0,1,1.0,0,0,1,0,0,0,1,0,0,0
0.0,3,0,0.2837396330736366,0.9506082247842308,0,1.0,0,0,1,0,0,1,0,0,0,0
0.0,2,1,0.38426740387031916,1.579831594933373,0,0.0,1,0,0,0,0,0,1,0,0,0
0.0,3,1,0.5350590600653431,0.8721562727482929,0,1.0,0,0,1,0,0,0,1,0,0,0
0.0,3,1,0.12038200552902739,1.4608978427565478,0,0.0,0,0,1,1,0,0,0,0,0,0
1.0,1,0,0.648152802211611,1.975431808509263,1,0.0,0,0,1,0,0,0,0,1,0,0
1.0,3,1,0.33400351847197784,0.9850895069263813,0,1.0,0,0,1,0,0,0,1,0,0,0
0.0,1,1,0.4722292033174164,0.0,0,1.0,0,0,1,0,0,0,0,0,1,0
1.0,3,0,0.33400351847197784,1.1295287738587763,1,0.0,0,0,1,0,0,0,0,1,0,0
0.0,3,1,0.01985423473234481,1.6094610059122672,0,0.0,0,0,1,1,0,0,0,0,0,0
0.0,3,1,0.37170143252073384,0.9003671286564703,0,1.0,0,1,0,0,0,0,1,0,0,0
0.0,3,1,0.37170143252073384,1.75963612115147,0,1.0,0,0,1,0,0,0,1,0,0,0
1.0,2,1,0.007288263382759488,1.579831594933373,0,0.0,1,0,0,1,0,0,0,0,0,0
1.0,3,1,0.37170143252073384,0.9420080530223133,0,1.0,0,1,0,0,0,0,1,0,0,0
1.0,3,0,0.18321186227695402,1.1890465283525415,0,0.0,1,0,0,0,0,0,0,1,0,0
1.0,2,1,0.005152048253329982,1.295567099962479,0,0.0,0,0,1,1,0,0,0,0,0,0
0.0,3,1,0.37170143252073384,0.9153576174148317,0,1.0,1,0,0,0,0,0,1,0,0,0
0.0,3,1,0.2837396330736366,0.9471493276626374,0,1.0,0,0,1,0,0,0,1,0,0,0
0.0,3,1,0.22090977632571,0.9684829485539351,0,1.0,0,0,1,0,0,0,1,0,0,0
1.0,1,0,0.4847951746670017,1.9250969541376577,1,0.0,1,0,0,0,0,1,0,0,0,0
0.0,3,1,0.2586076903744659,0.9850895069263813,0,1.0,0,0,1,0,0,0,1,0,0,0
0.0,3,1,0.37170143252073384,0.9566485792052033,0,1.0,0,0,1,0,0,0,1,0,0,0
1.0,3,1,0.39683337521990447,1.75963612115147,0,1.0,0,0,1,0,0,0,1,0,0,0
1.0,1,1,0.37170143252073384,1.4871383754771865,1,1.0,1,0,0,0,0,0,1,0,0,0
0.0,3,1,0.24604171902488062,0.9506082247842308,0,1.0,0,0,1,0,0,0,1,0,0,0
0.0,2,1,0.19577783362653933,1.0606978403536116,0,1.0,0,0,1,0,0,0,1,0,0,0
1.0,1,0,0.37170143252073384,1.505149978319906,0,1.0,1,0,0,0,0,1,0,0,0,0
0.0,3,1,0.4282483035938678,0.871426978736606,0,1.0,1,0,0,0,0,0,1,0,0,0
0.0,3,1,0.20834380497612465,0.9850895069263813,0,1.0,0,0,1,0,0,0,1,0,0,0
0.0,3,1,0.5224930887157577,0.9319661147281727,0,1.0,0,0,1,0,0,0,1,0,0,0
0.0,3,1,0.37170143252073384,1.8484970180903666,0,0.0,0,0,1,0,0,0,1,0,0,0
0.0,3,1,0.4345312892686604,0.9491850103134346,0,1.0,1,0,0,0,0,0,1,0,0,0
0.0,2,1,0.34656948982156316,1.5314789170422551,0,0.0,0,0,1,0,0,0,0,0,1,0
1.0,1,0,0.4345312892686604,1.9547450350890707,1,0.0,1,0,0,0,0,0,0,1,0,0
0.0,3,1,0.04498617743151546,1.5088662509384578,0,0.0,0,0,1,1,0,0,0,0,0,0
0.0,3,1,0.9246041719024881,0.9432471251378617,0,1.0,0,0,1,0,0,0,1,0,0,0
0.0,3,0,0.10781603417944208,1.2107411023865056,0,0.0,1,0,0,0,0,1,0,0,0,0
1.0,1,0,0.19577783362653933,1.606381365110605,1,0.0,0,0,1,0,0,1,0,0,0,0
0.0,2,0,0.5476250314149284,1.4313637641589874,0,0.0,0,0,1,0,0,0,0,1,0,0
1.0,3,0,0.22090977632571,1.0149403497929366,0,0.0,0,0,1,0,0,0,0,1,0,0
1.0,1,0,0.5601910027645137,2.219759204240921,0,0.0,0,0,1,0,0,0,0,1,0,0
1.0,1,1,0.6355868308620256,1.440121603187804,1,1.0,0,0,1,0,0,0,1,0,0,0
1.0,3,0,0.2963056044232219,1.3066029982011584,0,0.0,1,0,0,0,0,0,0,1,0,0
0.0,3,1,0.37170143252073384,0.9153576174148317,0,1.0,1,0,0,0,0,0,1,0,0,0
0.0,3,1,0.5099271173661725,1.1792155998681575,0,0.0,0,0,1,0,0,0,1,0,0,0
0.0,2,1,0.2586076903744659,1.0969100130080565,0,0.0,0,0,1,0,0,0,1,0,0,0
1.0,1,0,0.5978889168132697,1.4302234517870693,1,1.0,0,0,1,0,0,0,0,1,0,0
0.0,3,0,0.2586076903744659,1.8484970180903666,0,0.0,0,0,1,0,0,1,0,0,0,0
0.0,2,1,0.2963056044232219,1.146128035678238,0,1.0,0,0,1,0,0,0,1,0,0,0
1.0,2,0,0.5224930887157577,1.146128035678238,0,1.0,0,0,1,0,0,0,0,1,0,0
1.0,2,0,0.33400351847197784,1.1719691228260605,0,0.0,1,0,0,0,0,1,0,0,0,0
0.0,1,1,0.38426740387031916,1.7117718094061185,1,1.0,0,0,1,0,0,0,1,0,0,0
0.0,3,1,0.37170143252073384,1.021189299069938,0,1.0,0,0,1,0,0,0,1,0,0,0
1.0,3,1,0.04498617743151546,1.083978935811046,0,0.0,0,0,1,1,0,0,0,0,0,0
0.0,3,1,0.32143754712239253,0.9491850103134346,0,1.0,0,0,1,0,0,0,1,0,0,0
1.0,1,0,0.5853229454636844,1.7287935361444735,1,0.0,0,0,1,0,0,0,0,1,0,0
0.0,1,1,0.4093993465694898,0.7781512503836436,1,1.0,0,0,1,0,0,0,1,0,0,0
0.0,3,1,0.5853229454636844,1.0,0,1.0,0,0,1,0,0,0,1,0,0,0
1.0,2,0,0.34656948982156316,1.3979400086720377,0,0.0,1,0,0,0,0,0,0,1,0,0
1.0,3,0,0.18321186227695402,0.9151359066220119,0,1.0,1,0,0,0,0,1,0,0,0,0
0.0,3,1,0.24604171902488062,1.035261591644962,0,1.0,0,0,1,0,0,0,1,0,0,0
0.0,3,1,0.2334757476752953,0.9491850103134346,0,1.0,0,0,1,0,0,0,1,0,0,0
0.0,3,1,0.37170143252073384,0.9491850103134346,0,1.0,0,0,1,0,0,0,1,0,0,0
1.0,1,0,0.6984166876099522,1.9250969541376577,1,0.0,1,0,0,0,0,0,0,1,0,0
1.0,2,0,0.3088715757728072,1.4313637641589874,0,0.0,0,0,1,0,0,0,0,1,0,0
0.0,3,1,0.4093993465694898,0.9491850103134346,0,1.0,0,0,1,0,0,0,1,0,0,0
0.0,3,0,0.2711736617240512,1.0613280539915777,0,1.0,0,0,1,0,0,1,0,0,0,0
0.0,2,1,0.34656948982156316,1.0606978403536116,0,1.0,0,0,1,0,0,0,1,0,0,0
0.0,3,1,0.3088715757728072,0.9057958803678685,0,1.0,0,0,1,0,0,0,1,0,0,0
0.0,3,0,0.4847951746670017,1.4789270555829248,0,0.0,0,1,0,0,0,0,0,1,0,0
0.0,2,1,0.33400351847197784,1.146128035678238,0,1.0,0,0,1,0,0,0,0,0,1,0
1.0,1,0,0.2334757476752953,1.4913616938342726,1,1.0,0,0,1,0,0,1,0,0,0,0
0.0,3,0,0.2586076903744659,1.388278863459639,0,0.0,0,0,1,0,0,1,0,0,0,0
1.0,1,1,0.32143754712239253,1.4913616938342726,1,1.0,1,0,0,0,0,0,1,0,0,0
0.0,3,1,0.39683337521990447,0.9420080530223133,0,1.0,0,1,0,0,0,0,1,0,0,0
